시인,제목,시
법정스님,마음의 바탕,"사람 마음의 바탕은
선도 악도 아니다.

선과 악은
인연에 따라 일어날 뿐.

선한 인연을 만나면
마음이 선해지고

나쁜 인연을 만나면
마음이 악해진다.

안개 속에 있으면
자신도 모르게
옷이 젖듯이."
,연잎의 지혜,"빗방울이 연잎에 고이면
연잎은 한동안 물방울의 유동으로 일렁이다가
어느 만큼 고이면
수정처럼 투명한 물을 미련 없이 쏟아 버린다

그 물이 아래 연잎에 떨어지면
거기에서 또 일렁거리다가
도르르 연못으로 비워 버린다

이런 광경을 무심히 지켜보면서
´연잎은 자신이 감당할 만한 무게만을 싣고 있다가
그 이상이 되면 비워 버리는구나´ 하고
그 지혜에 감탄했었다

그렇지 않고 욕심대로 받아 드리면
마침내 잎이 찢기거나 줄기가 꺾이고 말 것이다
세상 사는 이치도 이와 마찬가지이다"
,물처럼 흘러라,"사람은 언제 어디서
어떤 형태로 살든
그 속에서
물이 흐르고
꽃이 피어날 수 있어야 한다.

물이 흘러야
막히지 않고
팍팍하지 않으며
침체되지 않는다.

물은 한곳에 고이면,
그 생기를 잃고
부패하기 마련이다.

강물처럼
어디에 갇히지 않고
영원히 흐를 수 있다면
얼마나 좋겠는가"
,죽으면서 태어나라,"우리는 날마다
죽으면서 다시 태어나야 한다.
만일 죽음이 없다면
삶 또한 무의미해질 것이다.
삶의 배후에 죽음이 받쳐 주고 있기 때문에
삶이 빛날 수 있다.

삶과 죽음은 낮과 밤처럼
서로 상관관계를 갖는다.
영원한 낮이 없듯이
영원한 밤도 없다.
낮이 기울면 밤이 오고
밤이 깊어지면 새날이 가까워진다.
이와 같이 우리는
순간순간 죽어 가면서 다시 태어난다.

그러니 살 때는
삶에 전력을 기울여 뻐근하게 살아야 하고,
일단 삶이 다하면
미련 없이 선뜻 버리고 떠나야 한다.
열매가 익으면 저절로 가지에서 떨어지듯이,
그래야 그 자리에서 새로 움이 돋는다.

순간순간 새롭게 태어남으로써
날마다 새로운 날을 이룰 때,
그 삶에는 신선한 바람과
향기로운 뜰이 마련된다.

우리는 어디서 와서
어디로 가는 나그네인지
매 순간 살펴보아야 한다."
,자신의 등뼈 외에는,"내 소망은 단순하게 사는 일이다.
그리고 평범하게 사는 일이다.
느낌과 의지대로 자연스럽게 살고 싶다.
그 누구도, 내 삶을 대신해서 살아 줄 수 없기 때문에
나는 나답게 살고 싶다.

단순한 삶을 이루려면
더러는 홀로 있는 시간을 가져야 한다.
사람은 홀로 있을 때
단순해지고 순수해진다.
이때 명상의 문이 열린다.

사람은 본질적으로
홀로일 수밖에 없는 존재이다.
홀로 사는 사람들은 진흙에 더럽혀지지 않는
연꽃처럼 살려고 한다.
홀로 있다는 것은 어디에도 물들지 않고
순수하며 자유롭고,
부분이 아니라 전체로서 당당하게 있음이다.

인간은 누구나 어디에도 기대서는 안 된다.
오로지 자신의 등뼈에 의지해야 한다.
자기 자신에, 진리에 의지해야 한다.

자신의 등뼈 외에는 어느 것에도 기대지 않는
중심 잡힌 마음이야말로
본래의 자기이다."
,자기답게 사는 길,"사람은 누구에겐가 의존하려는 버릇이 있다.
부처님이라 할지라도 그는 타인,
불교는 부처님을 믿는 것이 아니라
그의 가르침에 따라 자기 자신답게 사는 길이다.

그러므로 불교란 부처님의 가르침일 뿐 아니라
나 자신이 부처가 되는 자기 실현의 길이다.
그렇기 때문에 우리가 의지할 것은 부처님이 아니라
나 자신과 진리뿐이라는 것.

불교는 이와 같이 자기 탐구의 종교다.
자기 탐구의 과정에서 끝없는 이웃(衆生)의 존재를
발견한 것이 대승 불교이다.

초기 불교가 자기 자신을 강조한 것은
자기에게서 시작하려는 뜻에서이다.
자기에게서 시작해 이웃과 세상을 도달하라는 것.

자기 자신에게만 갇혀 있다면 그건 종교일 수 없다.
인간에게 있어 진실한 지혜란
이웃의 존재를 보는 지혜다.
자기라는 표현이 때로는
만인 공통의 ˝마음˝으로 바뀐다."
,나는 그냥 나 자신이면 됩니다.,"누구보다 더 잘 나고 싶고,
누구보다 더 아름답고 싶고,
누구보다 더 잘 살고 싶고,
누구보다 더 행복하고 싶은 마음들....

우리 마음은 끊임없이 상대를 세워 놓고
상대와 비교하며 살아갑니다.

비교 우위를 마치 성공인 양, 행복인 양
비교 열등을 마치 실패인 양, 불행인 양
그러고 살아가지만,
비교 속에서 행복해지려는 마음은
그런 상대적 행복은 참된 행복이라 할 수 없어요.

무언가 내 밖에 다른 대상이 있어야만
행복할 수 있기 때문입니다.

나 혼자서 행복할 수 있어야 합니다.

그저 나 자신만을 가지고
충분히 평화로울 수 있어야 합니다.

나 혼자서 행복할 수 있다는 것은
상대 행복이 아닌
절대 행복이라 할 수 있을 것입니다.

무엇이 없어도 누구보다 잘 나지 않아도
그런 내 밖의 비교 대상을 세우지 않고
내 마음의 평화에는 아무런 문제가 없어야 합니다.

나는 그냥 나 자신이면 됩니다.

누구를 닮을 필요도 없고
누구와 같이 되려고 애쓸 것도 없으며,
누구처럼 되지 못했다고 부러워할 것도 없습니다.

우린 누구나 지금 이 모습 이대로의
나 자신이 될 수 있어야 합니다."
,텅 비우고 무심히 지켜보는 시간,"저마다 자기의 일상생활이 있다.
자기의 세계가 있다.
그 일상의 삶으로부터
거듭 거듭 떨쳐버리는 출가의 정신이 필요하다.

머리를 깎고 산이나 절로 가라는 것이 아니라
비본질적인 것들을 버리고
떠나는 정신이 필요하다.

외롭다고 다른 탈출구를 찾으려는
버릇을 버려야 한다.
그렇지 않으면 모처럼 영혼의 투명성이
고이다가 사라져 버린다.

마음을 텅 비우고
무심히 지켜보는 시간이 없으면
삶의 탄력을 잃게 된다."
,허의 여유,"˝문으로 들어온 것은 집안의 보배라
생각지 말라˝는 말이 있다.
바깥 소리에 팔리다 보면 내면의 소리를 들을 수 없다.
바깥의 지식과 정보에 의존하면
인간 그 자체가 시들어 간다.

오늘 우리들은 어디서나 과밀 속에서 과식하고 있다.
생활의 여백이 없다.
실(實)로써 가득 채우려고만 하지
허(虛)의 여유를 두려고 하지 않는다.

삶은 놀라움이요, 신비이다.
인생만이 삶이 아니라 새와 꽃들,
나무와 강물, 별과 바람, 흙과 돌, 이 모두가 삶이다.

우주 전체의 조화가 곧 삶이요, 생명의 신비이다.
삶은 참으로 기막히게 아름다운 것,
누가 이런 삶을 가로막을 수 있겠는가.

그 어떤 제도가 이 생명의 신비를 억압할 수 있단 말인가.
하루해가 자기의 할 일을 다하고 넘어가듯이
우리도 언젠가는 이 지상에서 사라질 것이다.

맑게 갠 날만이 아름다운 노을을 남기듯이
자기 몫의 삶을 다했을 때
그 자취는 선하고 곱게 비칠 것이다.

남은 날이라도 내 자신답게 살면서,
내 저녁 노을을 장엄하게 물들이고 싶다."
,흙 가까이,"서산에 해 기울어 산그늘이 내릴 무렵
훨훨 벗어부치고 맨발로 채소밭에 들어가
김 매는 일이 요즘 오두막의 해질녘 일과이다.
맨발로 밭흙을 밟는 그 감촉을 무엇에 비기랴.
흙을 가까이 하는 것은
살아 있는 우주의 기운을 받아들이는 일이다.

흙을 가까이 하라.
흙에서 생명의 싹이 움튼다.
흙을 가까이 하라.
나약하고 관념적인 도시의 사막에서 벗어날 수 있다.
흙을 가까이 해야
삶의 뿌리를 든든한 대지에 내릴 수 있다.

우리에게 대지는 영원한 모성
흙에서 음식물을 길러 내고
그 위에다 집을 짓는다.
그 위를 직립 보행하면서 살다가
마침내는 그 흙에 누워 삭아지고 마는 것이
우리들 삶의 방식이다.

흙은 우리들 생명의 젖줄일 뿐 아니라
우리에게 많은 것을 가르쳐 준다..
씨앗을 뿌리면 움이 트고
잎과 가지가 펼쳐져 거기 꽃과 열매가 맺힌다.
생명의 발아 현상을 통해
불가사적인 영역에도 눈을 뜨게 한다.

그렇기 때문에 흙을 가까이 하면
흙의 덕을 배워 순박하고 겸허해지며
믿고 기다릴 줄을 안다.
흙에는 거짓이 없고
추월과 무질서도 없다.

시멘트와 철근과 아스팔트에서는
생명이 움틀 수 없다.
비가 내리는 자연의 소리마저
도시는 거부한다.
그러나 흙은 비를 그 소리를 받아들인다.
흙에 내리는 빗소리를 듣고 있으면
인간의 마음은 고향에 돌아온 것처럼
정결해지고 평온해진다.

어디 그뿐인가
구두와 양말을 벗어버리고
일구어 놓은 밭흙을 맨발로 접촉해 보라.
그리고 흙냄새를 맡아 보라.
그것은 순수한 생의 기쁨이 될 것이다."
,자연 앞에서,"고요하고 적적한 것은 자연의 본래 모습이다
달빛이 산방에 들어와 잠든 나를 깨운 것도
소리 없는 소리에 귀 기울이며
달의 숨소리를 듣고자 하는 것도
이 모두가 무심이다

바람이 불고, 꽃이 피었다가 지고,
구름이 일고, 안개가 피어오르고,
강물이 얼었다가 풀리는 것도 또한,
자연의 무심이다.

이런 일을 누가 참견할 수 있겠는가?
우리는 다면 자연 앞에
무심히 귀를 기울일 뿐,

자연의 신비와 아름다움을 받아들이려면
입 다물고 그저
무심히 귀를 기울이면 된다.
무심히 귀를 기울이라.

자연은 우리 인간에게 영원한 어머니일 뿐 아니라
위대한 교사이다.
자연에는 그 나름의 뚜렷한 질서가 있다.

자연은 말없이 우리에게 많은 깨우침을 준다.
자연 앞에서는 우리가 알고 있는
얄팍한 지식 같은 것은 접어 두어야 한다.
그래야 침묵 속에서 우주의 언어를 들을 수 있다.

침묵이야말로
자연의 말이고
우주의 언어이다.

자연 앞에서 인간은
침묵의 의미를 배워야 한다.
그리하여 인간도 자연의 일부임을
깨달아야 한다."
,묵묵히 기도하라,"당신의 마음에 어떤 믿음이 움터나면
그것을 가슴속 깊은 곳에 은밀히 간직해 두고
하나의 씨앗이 되게 하라
그 씨앗이 당신의 가슴속 토양에서 싹트게 하여
마침내 커다란 나무로 자라도록 기도하라.
묵묵히 기도하라.

사람은 누구나 신령스런 영혼을 지니고 있다.
우리가 거칠고 험난한 세상에서 살지라도
맑고 환한 그 영성에 귀를 기울일 줄 안다면
그릇된 길에 헛눈을 팔지 않을 것이다.

아무리 소중하고 귀한 것일지라도 입벌려 쏟아버리고 나면
빈 들녘처럼 허허해 질뿐이다.
어떤 생각을 가슴 깊은 곳에 간직해 두면 그것이 씨앗이 되어
싹이 트고 잎이 펼쳐지다가 마침내는
꽃이 되고 열매를 맺게 될 것이다.

열매를 맺지 못하는 씨앗은 쭉정이로 그칠 뿐,
하나의 씨앗이 열매를 이룰 때 그 씨앗은
세월을 뛰어넘어 새로운 씨앗으로 거듭난다."
,기도는 하루를 여는 아침의 열쇠,"모든 수행자는 기도로써 영혼의 양식을 삼는다.
기도는 인간에게 주어진 마지막 자산이다.

사람의 이성과 지성을 가지고도
어떻게 할 수 없을 때 기도가 우리를 도와준다.

기도는 무엇을 요구하는 것이 아니라 그저 간절한 소망이다.
따라서 기도에는 목소리가 아니라 진실한 마음이 있어야 한다.
진실이 담기지 않은 말은 그 울림이 없기 때문이다.

누구나 자기 존재의 근원을 찾고자 하는 사람은
먼저 간절한 마음으로 기도를 하라고 권하고 싶다.

진정한 기도는 어떤 종교적인 의식이나 형식이 필요 없다.
오로지 간절한 마음만 있으면 된다.

순간순간 간절한 소망을 담은 진지한
기도가 당신의 영혼을 다스려 줄 것이다.

그리고 기도에 필요한 것은 침묵이다.
말은 생각을 일으키고 정신을 흩트려 놓는다.

우주의 언어인 거룩한
그 침묵은 안과 밖이 하나가 되게 한다.

마하트마 간디는 그의 어록에서 이런 말을 하고 있다.
˝사람의 몸에 음식이 필요하듯,
우리의 영혼에는 기도가 필요하다.˝

˝기도는 하루를 여는 아침의 열쇠이고,
하루를 마감하는 저녁의 빗장이다.˝"
,나를 지켜보는 시선,"어둠 속에서도 빛이 있듯이
어떤 최악의 상황이라 할지라도
우리의 삶에는 잠재적인 의미가 있다.

우리가 지금 겪고 있는 실직과 노숙에서 오는
고통의 의미를 찾아낼 수 있다면,
우리는 다시 일어서게 될 것이다,
살아야 할 이유가 있는 사람은 어떤 상황 아래서도
능히 견뎌낼 수 있다.

이 세상을 고통의 바다라고 했듯이,
산다는 것은 즐거움과 함께 고통이 있게 마련이며,
살아남는다는 것은 고통 속에서 그 의미를 찾아내는 일이다.

외람되지만 나는 살아온 길목마다 내 등뒤에서
나를 속속들이 지켜보는 ˝시선˝이 있음을 굳게 믿는다.
그 시선은 이따금 내가 게으름을 피우거나 엉뚱한 생각을 할 때
더욱 선명하게 드러난다.

때로는 꿈속에서 그 목소리가 나를 불러 깨울 때도 있다.
그 시선은 지금 살아 계시거나 이미 돌아가신
우리들의 어머니나 아버지일 수도 있고 할머니나 할아버지일 수도 있다.

혹은 사람마다 그림자처럼 따르고 있는 수호천사일 수도 있고
하느님이나 부처님일 수도 있다.
무어라 부르든 이름에는 상관없이 그 시선은 늘 나를,
그리고 우리를 지켜보고 있다.

그 시선은 지금 우리가 겪고 있는 이 고통을 비극적인 모습이 아니라
자랑스럽고 꿋꿋하게 이겨나가는 모습을 보고 싶어할 것이라고
나는 생각한다."
,세월이 흘러가는 소리,"물소리 바람소리에 귀기울여 보라.
그것은 우주의 맥박이고
세월이 흘러가는 소리이고
우리가 살만큼 살다가
갈 곳이 어디인가를
소리 없는 소리로 깨우쳐줄 것이다.

이끼 낀 기와지붕 위로 열린
푸른 하늘도 한번쯤 쳐다봐라.
산마루에 걸린 구름,
숲 속에 서린 안개에 눈을 줘보라.
그리고 시냇가에 가서 맑게 흐르는
시냇물에 발을 담가보라.

차고 부드러운 그 흐름을 통해
더덕더덕 끼여 있는
먼지와 번뇌와 망상도 함께
말끔히 씻겨질 것이다."
,행복은,"행복은 늘 단순한 데 있다.
가을날 창호지를 바르면서 아무 방해받지 않고
창에 오후에 햇살이 비쳐들 때 얼마나 아늑하고 좋은가.
이것이 행복의 조건이다.

그 행복의 조건을 도배사에게 맡겨 버리면
자기에게 즐거움을 포기하는 것이다.
우리가 할 수 있는 일은 우리가 해야 한다.

도배가 되었든 청소가 되었든 집 고치는 일이 되었든
내 손으로 할 때 행복이 체험된다.
그것을 남에게 맡겨 버리면 내게 주어진 행복의 소재가 소멸된다.

행복하려면 조촐한 삶과 드높은 영혼을 지닐 수 있어야 한다.
몸에 대해서 얼마나 애지중지하는가.
얼굴에 기미가 끼었는가 말았는가.

체중이 얼마나 불었는가 줄었는가에 최대 관심을 기울인다.
그러나 우리는 정신의 무게가,
정신의 투명도가 어떻다는 것에는 거의 무관하다.

내 정신이 깨어 있어야 한다.
깨어 있는 사람만이 자기 몫의 삶을 제대로 살 수 있다.
자기 분수를 헤아려 거듭거듭 삶의 질을 높여갈 수 있다."
,돈이란,"돈이란 우리들 마음이 평온하고 기쁨으로 차 있을 때,
우리가 하는 일이 사회적으로 떳떳하고 즐거울 때,
자연스럽게 따라오는 에너지와 같은 것이다.

따라서 돈을 수량적인 단위로만 보지 말고
좋은 생각에 따라 다니는 우주의 흐름,
즉 에너지 흐름으로 볼 수 있어야 한다.

개인이나 기업이 이런 흐름의 오묘한 도리를 이해한다면,
그 흐름을 받아들일 자세와 그것을 값있게
활용할 길을 알게 될 것이다.

흔히 하는 말로, 돈을 쫓아다니지 말고
돈이 따라오도록 하라는 것도 이 에너지의
흐름을 두고 하는 말일 것이다.

흐름이 한 곳에 고이게 되면 부패한다.
이것은 우주의 생명의 원리다.
물질만이 아니라 사람의 생각도 어느 한곳에만 얽매여
갇혀 있게 되면 그 이상이나 성장이나 발전이 없다.

그래서 늘 새롭게 살라는 것이다.
살아 있는 물은 밤낮없이 흐르면서
스스로 살고 남들도 살린다.
새벽 달빛 아래서 흐름에 귀 기울인다."
,소욕지족,"이 세상에 태어날 때 빈손으로 왔으니
가난한들 무슨 손해가 있으며,
죽을 때 아무것도 가지고 갈 수 없으니
부유한들 무슨 이익이 되겠는가.

할 수 있으면 얻는 것보다 덜 써야 한다,
절약하지 않으면 가득 차 있어도 반드시 고갈되고,
절약하면 텅 비어 있어도 언젠가는 차게 된다.
덜 갖고도 우리는 얼마든지 행복하게 살 수 있다.
덜 갖고도 얼마든지 더 많이 존재할 수 있다.

소유와 소비 지향적인 삶의 방식에서
존재 지향적인 생활 태도로 바뀌어야한다.

소유 지향적인 삶과 존재 지향적인 삶은
우리들 일상에 깔려 있다.
거기에는 그 나름의 살아가는 기쁨이 있다.
그러나 어떤 상황에 이르렀을 때,
어느 쪽 삶이 우리가 기대어 살아갈 만한 삶이며,
가치를 부여할 수 있는 삶인가 뚜렷이 드러난다,

똑같은 조건을 두고
한쪽에는 삶의 기쁨으로 받아들이고,
다른 한쪽에서는 근심 걱정의 원인으로 본다."
,귀한 인연이길,"구름은 희고, 산은 푸르며, 시냇물은 흐르고 바위는 서 있다.
꽃은 새소리에 피어나고, 골짜기는 나무꾼의 노래에 메아리친다.
온갖 자연은 이렇듯 스스로 고요한데, 사람의 마음만 공연히 소란스럽구나.˝
˝소창청기(小窓淸記)˝라는 옛 책에 실려 있는 구절이다.
자연은 저마다 있을 자리에 있으면서 서로 조화를 이루기 때문에
고요하고 평화롭다.
그러나 사람들은 제 자리를 지키지 않고 분수 밖의 욕심을 부리기 때문에
마음 편할 날이 없고 그들이 몸담아 사는 세상 또한 소란스럽다.
돌이켜보면 행복의 조건은 여기저기 무수히 놓여 있다.
먹고사는 일상적인 일에 매달려 정신을 빼앗기고 지내느라고
참된 자기의 모습을 까맣게 잊어버렸다.
우리가 이 풍진 세상을 무엇 때문에 사는지, 어떻게 사는 것이 내 몫의
삶인지를 망각한 채 하루 하루를 덧없이 흘려 보냈다.
내가 행복해지고 싶다면 이것저것 챙기면서 거두어들이는
일을 우선 멈추어야 한다.
지금 차지하고 있는 것과 지닌 것만으로도 얼마든지 행복해질 수 있다.
소원했던 친구에게 이 가을날 편지를 쓴다든지 전화! 를 걸어 정다운
목소리로 안부를 묻는 일은 돈 드는 일이 아니다.
모든 것을 돈으로만 따지려는 각박한 세태이기 때문에,
돈보다 더 귀하고 소중한
따뜻한 마음을 나누는 일이 행복해지는 비결이다.
가을밤이면 별빛이 영롱하다.
도시에서는 별 볼 일이 없을 테니 방안에 별빛을 초대하면 어떨까 싶다.
사람마다 취향이 달라 아무나 그렇게 할 수는 없겠지만 주거공간에서
혼자만의 자유를 누릴 수 있는 여건이라면, 시끄러운 텔레비전
스위치를 잠시 끄고 전등불도 좀 쉬게 하고,
안전한 장소에 촛불이나 등잔불을 켜보라고 권하고 싶다.
아무 생각 없이 한때나마 촛불이나 등잔을 무심히 바라보고 있으면
마음이 아주 고요하고 그윽해질 것이다.  "
,,"진심 어린 맘을 주었다고 해서
작은 정을 주었다고 해서
그의 거짓 없는 맘을 받았다고 해서
그의 깊은 정을 받았다고 해서

내 모든 것을 걸어버리는
깊은 사랑의 수렁에 빠지지 않기를

한동안 이유 없이 연락이 없다고 해서
내가 그를 아끼는 만큼
내가 그를 그리워하는 만큼
그가 내게 사랑의 관심을 안 준다고 해서

쉽게 잊어버리는
쉽게 포기하는
그런 가볍게 여기는 인연이 아니기를

이 세상을 살아가다 힘든 일 있어
위안을 받고 싶은 그 누군가가
당신이기를
그리고 나이기를

이 세상 살아가다 기쁜 일 있어
자랑하고 싶은 그 누군가가
당신이기를
그리고 나이기를

이 세상 다하는 날까지
내게 가장 소중한 친구
내게 가장 미더운 친구

내게 가장 따뜻한 친구라고
자신 있게 말할 수 있는 이가
당신이기를
그리고 나이기를

이 세상 다하는 날까지
서로에게 위안을 주는
서로에게 행복을 주는
서로에게 기쁨을 주는

따뜻함으로 기억되는 이가
당신이기를
그리고 나이기를

지금의 당신과
나의 인연이
그런 인연이기를"
,삶과 침묵,"무소유란
아무 것도 갖지 않는다는 것이 아니다.
궁색한 빈 털털이가 되는 것이 아니다.

무소유란
아무 것도 갖지 않는 것이 아니라
불필요한 것을 갖지 않는다는 뜻이다.
무소유의 진정한 의미를 이해할 때
우리는 보다 홀가분한 삶을 이룰 수가 있다.


우리가 선택한 맑은 가난은
넘치는 부보다 훨씬 값지고 고귀한 것이다.
이것은 소극적인 생활태도가 아니라
지혜로운 삶의 선택이다.

우리가
만족할 줄 모르고 마음이 불안하다면
그것은 우리가 살고 있는 세상과
조화를 이루지 못하기 때문이다.

내 마음이 불안하고
늘 갈등 상태에서 만족할 줄 모른다면
그것은 내가 살고 있는
이 세상과 조화를 이루지 못하기 때문에 그렇다.

우리는 우리 주위에 있는 모든 것의 한 부분이다.
저마다 독립된 개체가 아니다. 전체의 한 부분이다.
우리 한 사람 한 사람이 세상의 한 부분이다.

세상이란 말과 사회란 말은 추상적인 용어이다.
구체적으로 살고 있는 개개인이
구체적인 사회이고 현실이다.

우리는 보이든 보이지 않든 혈연이든 혈연이 아니든
관계 속에서 서로 얽히고 설켜서 이루어진 것이다.
그것이 우리의 존재이다.

이 세상에서 영원한 것은 아무 것도 없다.
어떤 어려운 일도 어떤 즐거운 일도 영원하지 않다.
모두 한 때이다.

한 생애를 통해서
어려움만 지속된다면 누가 감내하겠는가
다 도중에 하차하고 말 것이다.
모든 것이 한때이다.

좋은 일도 그렇다.
좋은 일도 늘 지속되지는 않는다.
그러면 사람이 오만해진다.
어려운 때일수록 낙천적인 인생관을 가져야 한다.

덜 가지고도 더 많이 존재할 수 있어야 한다.
이전에는 무심히 관심 갖지 않던 인간 관계도
더욱 살뜰히 챙겨야 한다.

더 검소하고 작은 것으로써 기쁨을 느껴야 한다.
우리 인생에서 참으로 소중한 것은
어떤 사회적인 지위나 신분 소유물이 아니다.
우리들 자신이 누구인지를 아는 일이다.

나는 누구인가 스스로 물어야 한다.
이런 어려운 시기를 당했을 때 도대체 나는 누구지
나는 누구인가 스스로 물어야 한다.

우리가 지니고 있는
직위나 돈이나 재능이 중요한 것이 아니라
그것으로써 우리가
어떤 일을 하며 어떻게 살고 있는가에 따라서
삶의 가치가 결정된다.

잡다한 정보와 지식의 소음에서 해방되려면
우선 침묵의 의미를 알아야 한다.
침묵의 의미를 알지 못하고는
그런 복잡한 얽힘에서 벗어날 길이 없다.

내 자신이 침묵의 세계에 들어가 봐야 한다.
우리는 얼마나 일상적으로 불필요한 말을 많이 하는가
의미 없는 말을 하루 동안 수없이 남발하고 있다.

친구를 만나서 얘기할 때 유익한 말보다는
하지 않아도 될 말들을 얼마나 많이 하는가

말은 가능한 한 적게 하여야 한다.
한 마디로 충분할 때는 두 마디를 피해야 한다.

인류 역사상 사람답게 살아간 사람들은 모두가
한결같이 침묵과 고독을 사랑한 사람들이었다.

그렇지 않아도 시끄러운 세상을 우리들 자신마저
소음이 되어 시끄럽게 할 필요는 없는 것이다.

많은 사람들이 무엇인가 열심히 찾고 있으나
침묵 속에 머무는 사람들만이 그것을 발견한다.

말이 많은 사람은 누구를 막론하고
그가 어떤 일을 하는 사람이든 간에
그 내부는 비어있다."
,의미 있는 날,"무소유란
아무 것도 갖지 않는다는 것이 아니다.
궁색한 빈 털털이가 되는 것이 아니다.

무소유란
아무 것도 갖지 않는 것이 아니라
불필요한 것을 갖지 않는다는 뜻이다.
무소유의 진정한 의미를 이해할 때
우리는 보다 홀가분한 삶을 이룰 수가 있다.

우리가 선택한 맑은 가난은
넘치는 부보다 훨씬 값지고 고귀한 것이다.
이것은 소극적인 생활태도가 아니라
지혜로운 삶의 선택이다.

우리가
만족할 줄 모르고 마음이 불안하다면
그것은 우리가 살고 있는 세상과
조화를 이루지 못하기 때문이다..


내 마음이 불안하고
늘 갈등 상태에서 만족할 줄 모른다면
그것은 내가 살고 있는
이 세상과 조화를 이루지 못하기 때문에 그렇다.

우리는 우리 주위에 있는 모든 것의 한 부분이다.
저마다 독립된 개체가 아니다. 전체의 한 부분이다.
우리 한 사람 한 사람이 세상의 한 부분이다..

세상이란 말과 사회란 말은 추상적인 용어이다.
구체적으로 살고 있는 개개인이
구체적인 사회이고 현실이다.
우리는 보이든 보이지 않든 혈연이든 혈연이 아니든
관계 속에서 서로 얽히고 설켜서 이루어진 것이다.

그것이 우리의 존재이다.
이 세상에서 영원한 것은 아무 것도 없다.
어떤 어려운 일도 어떤 즐거운 일도 영원하지 않다.
모두 한 때이다.


한 생애를 통해서
어려움만 지속된다면 누가 감내하겠는가
다 도중에 하차하고 말 것이다.
모든 것이 한때이다.

좋은 일도 그렇다.
좋은 일도 늘 지속되지는 않는다.
그러면 사람이 오만해진다.
어려운 때일수록 낙천적인 인생관을 가져야 한다..

덜 가지고도 더 많이 존재할 수 있어야 한다.
이전에는 무심히 관심 갖지 않던 인간 관계도
더욱 살뜰히 챙겨야 한다.

더 검소하고 작은 것으로써 기쁨을 느껴야 한다.
우리 인생에서 참으로 소중한 것은
어떤 사회적인 지위나 신분 소유물이 아니다.
우리들 자신이 누구인지를 아는 일이다.


나는 누구인가 스스로 물어야 한다.
이런 어려운 시기를 당했을 때 도대체 나는 누구지?
나는 누구인가 스스로 물어야 한다.

우리가 지니고 있는
직위나 돈이나 재능이 중요한 것이 아니라
그것으로써 우리가
어떤 일을 하며 어떻게 살고 있는가에 따라서
삶의 가치가 결정된다."
,날마다 좋은날,"산다는 것은 비슷비슷한 되풀이만 같다.
하루세끼 먹는 일과 자고 일어나는 동작,
출퇴근의 규칙적인 시간 관념 속에서
오늘이 가고 내일이 온다.

때로는 사랑도 하고 미워도 하면서 또는,
후회를 하고 새로운 결심을 하면서 살아가고 있다.

노상 그 날이 그 날 같은 타성의 늪에서
허우적거리면서 시작도 끝도 없이 흘러간다.

이와 같은 반복만이 인생의 전부라면 우리는
나머지 허락 받은 세월을 반납하고서라도
도중에서 뛰어내리고 말 것이다.

그러나 안으로 유심히 살펴보면 결코
그 날이 그 날일 수 없다.

오늘의 나는 어제의 내가 아니다.
또한, 내일의 나는 오늘의 내가 고스란히
이어지는 것이 아니다.

사람이란 다행히도 그 자리에 가만히 놓여있는
가구가 아니며, 앉은자리에서만
맴돌도록 만들어진 시계 바늘도 아니다.

끝없이 변화하면서 생성되는 것이
생명현상 이므로 개인의 의지를 담은
노력 여하에 따라 그 인생은 얼마든지 달라질 수 있다."
,깨어 있는 시간,"잠자는 시간을 줄이라
우리에게 주어진 시간은 그렇게 많지 않다.

시간의 잔고는 아무도 모른다

´ 쇠털같이 많은 날 ´ 어쩌고 하는 것은
귀중한 시간에 대한 모독이요, 망언이다.

시간은 오는 것이 아니라 가는 것.

한번 지나가면 다시 되돌릴 수 없다.

잠자는 시간은 휴식이요.
망각이지만 그 한도를 넘으면
죽어있는 시간이다.

깨어있는 시간을 많이 갖는 것은
그의 인생이 그만큼 많은 삶을
누릴 수 있다

자다가 깨면 다시 잠들려고 하지 말라.
깨어 있는 그 상태를 즐기라.

보다 값있는 시간을 활용하라."
,경이롭고 새로운 순간,"날마다 새롭습니다.
우리의 나날은 늘 새로운 것입니다.

똑같은 것은 하나도 없고
똑같은 날은 하나도 없습니다.

괴로워도 다른 괴로움이고
즐거워도 다른 즐거움이지

똑같은 괴로움
똑같은 즐거움이란 있을 수 없지요.

어제와 똑같은 호흡을 어찌
오늘도 들이고 내쉴 수 있겠어요.

같은 강물에서는 절대
두 번 목욕할 수 없다고 하듯 우리의 순간 순간은
새롭고 경이로운 것입니다.

세상을 살며 어느 한순간이라도
똑같은 순간을 경험할 수는 없는 것입니다.

그런데도 사람들은 늘 같이 보려고 하고
똑같이 받아들이려고 합니다.

어제의 생각으로 오늘을 바라보며,
이전의 관념으로 지금을 판단하려 하고,
어제 만난 사람으로 오늘의 사람을 대하고,
이전의 사랑으로 지금의 사랑을 끼워
맞추려 하거든요.

이전에 들었던 가르침으로
오늘 듣고 있는 가르침을 가로막지 마세요.

어제 들었던 가르침을 다 놓아 버릴 수 있어야
오늘 전혀 새롭고 신비로운 가르침을 온전히
받아들일 수 있는 열린 마음이 되는 것입니다.

다 아는 가르침이라고, 이미 경험했다고
전에 느껴 보았노라고 하지 마세요.

지금 느끼는 경험은 지금 듣고 있는 가르침은
오직 지금 여기에서만 느낄 수 있고 배울 수 있는
전혀 새로운 것이니까요."
,작은 선행,"작은 선(善)이라도 좋으니
하루 한 가지씩 행해야 한다.
작고 미미한 것일지라도,
남이 알아주지 않을지라도,
그것을 행해야 한다.
그 일상적인 행을 통해서
자기 자신을 거듭거듭 일으켜
세워야 한다.
그렇지 않으면 늘 넘어진다.
그것은 이웃을 향한
행을 통해서 가능한 것이지,
경전을 많이 봤다고 해서,
법문을 많이 들었다고 해서
행해지는 것은 아니다.
우리가 세상을 살아가면서
하루 동안에 한 가지 착한
일을 듣거나 행할 수 있다면
그 날 하루는 헛되이
살지 않고 잘 산 것이다.
참으로 사람의 도리를 다했는가,
하루 한 가지라도
이웃에게 덕이 되는
행동을 했는가 안 했는가에 의해서
그 날 하루를
잘 살았는가 못 살았는가를
판가름할 수 있다.
여기에서 삶의 의미와 가치가 결정된다."
,그냥 걷기만 하세요,"한 걸음, 한 걸음 삶을 내딛습니다.
발걸음을 떼어놓고 또 걷고 걷고
지금까지 그렇게 살아왔지만
짊어지고 온 발자국은 없습니다.

그냥, 가 버리면 그만인 것이
우리 삶이고 세월입니다.

한 발자국 걷고 걸어온 그 발자국
짊어지고 가지 않듯
우리 삶도 내딛고 나면 뒷발자국
가져오지 말았으면 합니다.

그냥 그냥 살아갈 뿐
짊어지고 가지는 말았으면 하고 말입니다.
다 짊어지고 그 복잡한 짐을 어찌 하겠습니까
그냥 놓고 가는 것이 백번 천번 편한 일입니다.

밀물이 들어오고 다시 밀려 나가고 나면
자취는 없어질 것입니다.

그냥 내버려두세요.
애써 잡으려 하지 마세요.
없어져도 지금 가고 있는 순간의 발자국은
여전히 그대로일 겁니다.
앞으로 새겨질 발자국, 삶의 자취도
마음 쓰지 말고 가세요.
발길 닿는 대로 그냥 가는 겁니다.
우린 지금 이 순간 그냥 걷기만 하면 됩니다."
,인생의 오르막길과 내리막길,"우리 앞에는 항상
오르막길과 내리막길이 놓여 있다.
이 중에서 하나를 선택해야 한다.

각자 삶의 양식에 따라서
오르막길을 오르는 사람도 있고
내리막길을 내려가는 사람도 있다.

오르막길은 어렵고 힘들지만
그 길은 인간의 길이고
꼭대기에 이르는 길이다.

내리막길은 쉽고 편리하지만
그 길은 짐승의 길이고
구렁으로 떨어지는 길이다.

만일 우리가
평탄한 길만 걷는다고 생각해 보라.

십 년 이십 년 한 생애를
늘 평탄한 길만 간다고 생각해 보라.

그 생이 얼마나 지루하겠는가.
그것은 사는 것이라고 할 수 없다.

오르막길을 통해
뭔가 뻐근한 삶의 저항 같은 것도 느끼고,
창조의 의욕도 생겨나고,
새로운 삶의 의지도 지닐 수 있다.

오르막길을 통해
우리는 거듭 태어날 수 있다.

어려움을 겪지 않고는 거듭 태어날 수 없다."
,빛과 거울,"오후의 입선(入禪)시간, 선실(禪室)에서 졸다가
대숲에 푸실푸실 싸락눈 내리는 소리를 듣고
혼침(昏沈)에서 깨어났다.
점심공양 뒤 등 너머에서 땔나무를 한 짐 지고
왔더니 고단했던 모양이다.
입춘이 지나간 지 언제인데 아직도 바람 끝은 차고
산골에는 이따금 눈발이 흩날린다.

아까 산길에서 비전(碑殿)에 사시는 성공(性空)
스님을 만났다.
80 이 가까운 노스님이 지게에 한짐 가득
땔감을 지고 가시는 걸 보고, 한결같이
부지런하고 온유한 수행자의 모습에 숙연해졌다.
요즘은 밥짓는 공양주가 한 사람 들어와
다행이지만, 얼마 전까지만 해도 노스님들
두 분이 손수 끓여 자시면서 지냈다.
정진 시간이 되면 거르지 않고 염불 소리가
뒤골에까지 메아리친다.
비전은 염불당(念佛堂)이기 때문이다.
성공 노스님은 한때 학인(學人)들에게
경전을 가르치는 강사(講師)로도 지낸 바 있지만
전혀 그런 내색을 하지 않는다.

젊은 스님들한테도 또박또박 존대 말을 쓰면서
겸손을 지킨다.
이 땅에서 80년 가까이 살면 서도 아직 서울에
가보지 않았다는 흙 냄새 풍기는 인자하신 스님.
지난해 봄에는 상좌의 주선으로 제주도를
다녀오셨는데 어린애처럼 마냥 좋아라 하시면서
한라산을 오를 때는 그 걸음걸이가 젊은
상좌보다 앞서 펄펄 달리더란다.

큰절 임경당(臨鏡堂)에는 올해 여든 다섯 살이 되는
취봉(翠峰) 노스님이 계신다.
젊어서는 일본에 건너가 종립 대학에서
수학도 했고 몇 차례 주지 직도 맡아 지낸
노스님 인데, 근면과 단순과 청빈으로
후학들에게 몸소 모범을 보이는 대덕(大德)이시다.
스님은 사중(寺中) 물건과 개인의 소유에
대한 한계를 누구보다도 투철하게 몸에 익히고 있다.

한번은 감기 몸살로 앓아 누워 계실 때, 약을
달이느라 시중들던 스님이 생강을 한 뿌리 후원
원주실에서 가져다 썼다.
그걸 아시고 단박에 사다 갚으라고 하실 만큼,
공사(公私) 의 개념이 분명하시다.
주지로 계실 때에 사중 볼일로 출장시 사무실에서
주는 여비를 쓰고 나머지는 단돈 10원이 될지라도
반드시 되돌려 주었다고 한다.
요즘 사중 소임 보는 사람들 대부분은,
공중 물건을 가지고 마치 자기 개인 것이나
되는 듯이 함부로 사용하는 폐습이 있는데,
노스님의 그 같은 모범은 커다란 교훈이
아닐 수 없다.
90을 바라보는 고령임에도 법당의 조석예불과
대중공양에 거르는 일이 결코 없다.
걸핏하면 예불을 거르고 후원에서 따로
상을 차려 먹기를 좋아하는 덜된 중들에게는
마땅히 배우고 따라야 할 승가의 청정한
생활규범이다.

이런 노스님들이 계시는 산중에서 함께
사는 것을 나는 참으로 고맙고 다행하게 생각한다.
그분들은 자신들의 생활규범에 의해 둘레에
한없는 빛과 거울의 기능을 하고 있다.
한결같은 겸손과 단순한 청빈으로 그들 스스로를
구원하고 다른 사람들을 감화시키기 때문이다.

이런 노스님들은 참선이 어떻고 화두(話頭)가
어떻고 견성(見性)이 뭐라고 말하는 일이 별로 없다.
그저 묵묵히 몸소 행동으로 보일 뿐이다.
대개의 경우 뭘 알았다고 자기 과시에 열을
올리는 스님들한테서는 수행자의 덕성인
그 겸손과 단순과 청빈과 온유함을
찾아보기 어렵다.

서슬이 푸른 오만과 독선과 아집이 보통
사람들보다 훨씬 진해서 자리를 같이 하게 되면
마음이 편치 않고 피곤하다.

선가(禪家)에 한고추(閑古錐)란 용어가 있는데,
닳아져서 무딘 송곳을 가리킨 말이다.
수행자의 경지가 원숙해져서 서슬이 밖에
드러나지 않음을 뜻한다. 그러니 서슬이 푸른 것은
미숙함을 드러낸 것.

알면서도 그 앎에 걸려 있지 않는 성숙한
지혜가 귀하다.
자기가 알고 있는 지식이나 도로써 자만한다면
그는 결코 선지식(善知識)일 수 없다.
관념의 찌꺼기인 상(相)이 있으면 진짜
수행자가 아니라고 대승(大乘) 경전에서는
입이 닳도록 말하고 있지 않던가. 수행자에게
중요한 것은 학식이나 지식이 아니라 지혜롭고
자비스런 행동이다.
종교란 회색의 이론이 아니라 살아 있는
행동이기 때문이다.
지식은 자만을 가져오지만 사랑은
덕성을 길러준다.

투철한 안목과 번뜩이는 기량으로써 어리석음을
깨우쳐주는 명안종사(明眼宗師)의 기능도 필요하다.
그러나 앞에서 말한 이름 없는 노스님처럼
수행자로서 한결같이 정직하고 겸허하고
꿋꿋하게 살아감으로써 후학들에게 끼치는
덕화는 보다 더 소중하다.
사람을 본질적으로 감화시키는 것은 그럴듯한
말에 있지 않고 몸소 움직여 보이는 행동에 있다.

좋은 말을 한다는 것과 그 말을 행동으로
옮긴다는 것은 별개의 문제다.
그 사람의 행위가 그 사람의 지식보다 뛰어날 때
그 지식은 유익하다.
그러나 그 지식이 그 사람의 행위보다 크게
드러날 때 그 지식은 무익한 것이다.
진짜 수행자는 그 어떤 종파를 막론하고 앞뒤가
툭 트인 단순성(單純性)에 가장 큰 기쁨을 느낀다.

이, 생각만 해도 숙연해지는 아씨시의
성 프란치스코. 그가 크리스마스 전 단식 기간을
어떤 은둔처에서 지내고 있을 때였다.
지나친 고행으로 만년의 그는 여러 가지
병고를 치른다.

올리브 기름이 건강에 해로워 돼지기름으로
요리한 음식을 조금 먹었다.
단식이 끝날 무렵 대중 앞에서 설교를 했는데
그 서두에서 이렇게 말한다.

˝여러분은 나를 성스러운 사람으로 생각하면서
헌신적인 사랑으로 여기에 오셨습니다.
그런데 나는 이 단식 기간에 돼지기름으로
만든 음식을 먹었음을 여러분 앞에 고백합니다.˝

그는 하느님께 알려진 사실을 이웃들에게
감추고 싶지 않았던 것이다.
이처럼 그는 자신의 영성(靈性)에 자만심이나
번뇌의 유혹이 있을 때는 즉시 그의 형제들에게
감추는 일 없이 그 사실을 고백했다.
그는 자기 동료에게 이렇게 말한다.

˝내가 머무는 은둔처나 어떤 곳에서라도
모든 사람이 나를 지켜볼 수 있도록
나는 살고 싶소.
그들이 나를 성스러운 사람이라고 생각하는데
내가 성스러운 생활을 하지 못한다면 나는
위선자가 될 것이오.˝

수행자들이 자칫 빠지기 쉬운, 겉 다르고
속 다른 위선을 그는 단호히 배격한 것이다.
세상에 빛과 거울이 될 이런 분들을 스승으로
섬기고 있다는 것은 하나의 구원이요
커다란 위로다.
이런 분들의 덕화가 미치고 있는 한 그 어떤
세상에서라도 인간은 절망하거나 멸하지
않을 것이다"
,인간은 강물처럼 흐르는 존재이다,"우리들은 지금 이렇게 이 자리에 앉아 있지만
끊임없이 흘러가고 있다.

늘 변하고 있는 것이다.
날마다 똑같은 사람일 수가 없다.
그렇기 때문에 함부로 남을 판단할 수 없고
심판할 수가 없다.

우리가 누군가에 대해서
비난을 하고 판단을 한다는 것은
한 달 전이나 두 달 전 또는 며칠 전의 낡은 자로써
현재의 그 사람을 재려고 하는 것과 같다.

그 사람의 내부에서 어떤 변화가 일어나는지는
아무도 모른다.
그렇기 때문에 타인에 대한 비난은
늘 잘못된 것이기 일쑤이다.

우리가 어떤 판단을 내렸을 때
그는 이미 딴사람이 되어 있을 수 있다.
말로 비난하는 버릇을 버려야
우리 안에서 사랑의 능력이 자란다.

이 사랑의 능력을 통해
생명과 행복의 싹이 움트게 된다."
,말의 침묵,"보살은 중생으로 말미암아 자비심을 일으키고
자비심으로 말미암아 보리심을 내고
보리심으로 말미암아 깨달음을 이룬다.

드넓은 광야에 서 있는 큰 나무의 뿌리가
수분을 받으면 가지와 잎과 꽃과
열매가 무성하듯이
생사 광야의 보리수도 그와 같다.

모든 중생은 뿌리가 되고
부처님이나 보살은 꽃과 열매가 된다.
자비의 물로 중생을 이롭게 하면
지혜의 꽃과 열매를 맺는다.

보살이 자비심으로 중생을 구제하면
최상의 깨달음을 성취하므로
보리는 중생에게 딸린 것이다.
중생이 없다면 깨달음을 이룰 수 가 없다."
,있는 그대로가 좋다,"풀과 나무들은
저마다 자기다운 꽃을 피우고 있다.
그 누구도 닮으려고 하지 않는다.
그 풀이 지닌 특성과
그 나무가 지닌 특성을 마음껏 드러내면서
눈부신 조화를 이루고 있다.


풀과 나무들은
있는 그대로 그 모습을 드러내면서
생명의 신비를 꽃피운다.
자기 자신의 생각과 감정을
자신들의 분수에 맞도록 열어 보인다.

옛 스승(임제선사)은 말한다.
“언제 어디서나 모든 것을
긍정적으로 생각하라.
그러면 그가 서 있는 자리마다
향기로운 꽃이 피어나리라.”

자신의 존재를 있는 그대로
받아들이지 못하면 불행해진다.
진달래는 진달래답게 피면되고,
민들레는 민들레답게 피면된다.
남과 비교하면 불행해진다.
이런 도리를 이 봄철에 꽃한테서 배우라.

아름다움의 본질에 대해서
옛 스승은 다시 말한다.
“일 없는 사람이 귀한 사람이다.
다만 억지로 꾸미지 말라.
있는 그대로가 좋다.”

여기에서 말한 ‘일 없는 사람’은
하는 일 없이 빈둥거리는
사람이 아니다.
일을 열심히 하면서도
그 일에 빠져들지 않는 사람,
일에 눈멀지 않고
그 일을 통해서 자유로워진
사람을 가리킨다.

억지로 꾸미려 하지 말라.
아름다움이란 꾸며서 되는 것이 아니다.
본래 모습 그대로가
그만이 지닌 그 특성의
아름다움이 아니겠는가?"
,지금 이 순간,"지금 이 순간을 놓치지 말라.
´나는 지금 이렇게 살고 있다´고
순간 순간 자각하라.

한눈 팔지 말고, 딴 생각하지 말고,
남의 말에 속지말고 스스로 살펴라.
이와 같이 하는 내 말에도 얽매이지 말고
그대의 길을 가라.

이 순간을 헛되이 보내지 말라.
이런 순간들이 쌓여 한 생애를 이룬다.

너무 긴장하지 말라.
너무 긴장하면 탄력을 잃게 되고
한결같이 꾸준히 나아가기도 어렵다.
사는 일이 즐거워야 한다.

날마다 새롭게 시작하라.
묵은 수렁에서 거듭거듭 털고 일어서라."
,살아 있는 것은 늘 새롭다,"물에는 고정된 모습이 없다.
둥근 그릇에 담기면 둥근 모습을 하고
모난 그릇에 담기면 모난 모습을 한다.
뿐만 아니라 뜨거운 곳에서는 증기로 되고
차가운 것에서는 얼음이 된다.
이렇듯 물에는 자기 고집이 없다.
자기를 내세우지 않고 남의 뜻에 따른다.
살아 있는 물은 멈추지 않고 늘 흐른다.
강물은 항상 그곳에서 그렇게 흐른다.
같은 물이면서도 늘 새롭다.
오늘 흐르는 강물은 같은 강물이지만
어제의 강물은 아니다.
강물은 이렇듯 늘 새롭다.
오늘의 나는 어제의 나와 거죽은 비슷하지만
실제는 아니다.
오늘의 나는 새로운 나다.
살아 있는 것은 이와 같이 늘 새롭다."
,나무,"나무처럼 아무 욕심 없이 묵묵히 서서,
새싹을 틔우고 잎을 펼치고 열매를 맺고
그러다가 때가 오면 훨훨 벗어버리고
빈 몸으로 겨울 하늘 아래 당당하게 서 있는 나무.
새들이 날아와 팔이나 품에 안기어도
그저 무심할 수 있고, 폭풍우가 휘몰아쳐
가지 하나쯤 꺽이어도 끄떡없는 요지부동.
곁에서 꽃을 피우는 화목이 있어
나비와 벌들이 찾아가는 것을 볼지라도
시샘할 줄 모르는 의연하고 담담한 나무.
한 여름이면 발치에 서늘한 그늘을 드리워
지나가는 나그네들을 쉬어가게 하면서도
아무런 대가도 바라지 않는
음덕을 지닌 나무....."
,욕망과 필요의 차이,"오늘 날 우리는 무엇을 가지고도 만족할 줄 모른다.
이것이 현대인들의 공통된 병이다.
그래서 늘 목이 마른 상태이다.

겉으로는 번쩍거리고 잘 사는 것 같아도
정신적으로는 초라하고 궁핍하다.

크고 많은 것만을 원하기 때문에
작은 것과 적은 것에서 오는 아름다움과 살뜰함과
사랑스러움과 고마움을 잃어버렸다.

행복의 조건은 무엇인가.
아름다움과 살뜰함과 사랑스러움과 고마움에 있다.

나는 향기로운 차 한 잔을 통해서도 행복을
느낄 때가 있다.
내 삶이 고마움을 느낄 때가 많다.

필요에 따라 살되
욕망에 따라 살지는 말아야 한다.

욕망과 필요의 차이를 알아야 한다.
욕망은 분수 밖의 바람이고
필요는 생활의 기본 조건이다.

하나가 필요할 때는 하나만 가져야지
둘을 갖게 되면 당초의 그 하나마저도 잃게 된다."
,살아 있는 모든 것은,"우주에 살아 있는 모든 것은 한 곳에 머물러 있지 않고
움직이고 흐르면서 변화한다.

한곳에 정지된 것은 살아 있는 것이 아니다.
해와 달이 그렇고 별자리도 늘 변한다.

우리가 기대고 있는 이 지구도 우주 공간에서
늘 살아 움직이고 있다.

무상하다는 말은 허망하다는 것이 아니라
´항상하지 않다´, ´영원하지 않다´는 뜻이다.

그러므로 고정되어 있지 않고 변화한다는 뜻이다.
그것이 우주의 실상이다.

변화의 과정 속에 생명이 깃들고,
변화의 과정을 통해 우주의 신비와 삶의 묘미가 전개된다.

만일 변함이 없이 한 자리에 고정되어 있다면
그것은 곧 숨이 멎은 죽음이다.

살아 있는 것은 끝없이 변하면서
거듭거듭 형성되어 간다.

봄이 가고 여름과 가을과 겨울이 그와 같이 순환한다.
그것은 살아 있는 우주의 호흡이며 율동이다.

그러므로 지나가는 세월을 아쉬워할 게 아니라,
오는 세월을 잘 쓸 줄 아는 삶의 지혜를 터득해야 한다."
,작은 것에서 얻는 행복,"맑고 향기롭게 살아가려면
될 수 있는 한 작은 것과 적은 것으로써
만족할 수 있어야 한다.

큰것과 많은 것에는 살뜰한 정이 가지 않는다.
우리가 너무 크고 많은 것을 추구하다 보니
무너져서 작고 적은 것에 고마워할 줄을
모르게 되었다.

내가 가끔 시내에 나오면 편지가 와 있다.
편지는 많이 받지만 답장을 자주 쓰지는 못한다.

지난겨울 어느 날 밖에는 눈이 오고
뒷골에선 노루 울음소리 들려
내 마음도 소년처럼 약간 부풀어올랐다.

그래서 묵은 편지를 뒤적이다
답장을 몇군데 써 보내야겠다는 생각이 일어
벼루에 먹을 갈았다.

마땅한 종이가 없어 뒤적이다가
도배하고 남은 종이 사이에서 화선지
두 장을 발견했다.
그것도 전지가 아니고 쪼가리였다.
그걸 오려서 편지를 몇 통 썼는데,
종이가 한정되어 있기 때문에
아주 조심스럽게 아껴 써야 했다.
자연히 종이의 고마움을 알게 되었다.

그래서 보통 때는 글씨도 크게 써서
끝내곤 했는데 그날은 아주 잔 글씨로 써서
몇 군데 띄어 보냈다.
그때 적은 것이 참 살뜰하고 고맙다는 것을 느꼈다.

그 후에 무슨 일이 있어서 밖에 나갔다가
지물포에서 화선지를 스무장 남짓 사갖고 왔다.
그랬더니 쪼가리 두장 가졌을 때의
오븟하고 살뜰하고 고맙던 정이 사라지고 말았다.

많은 것은 그런 것이다."
,이 세상에서 영원한 것은 아무것도 없다,"이 세상에서 영원한 것은 아무것도 없다.
어떤 어려운 일도 어떤 즐거운 일도 영원하지 않다.
모두 한때이다.

한 생애를 통해 어려움만 지속된다면
누가 감내하겠는가 다 도중에 하차하고 말 것이다.

좋은 일도 그렇다.
좋은 일도 늘 지속되지는 않는다.
그러면 사람이 오만해진다.

어려운 때일수록 낙천적인 인생관을 가져야 한다.
덜 갖고도 더 많이 존재할 수 있어야 한다.

이전에는 무심히 관심 갖지 않던 인간관계도
더욱 살뜰히 챙겨야 한다.
더 검소하고 작은 것으로써 기쁨을 느껴야 한다.

삶에서 참으로 소중한 것은,
어떤 사회적인 지위나 신분, 소유물이 아니다.
우리들 자신이 누구인지 아는 일이다.

그 어느 때보다 힘든 시기를 당했을 때
´도대체 나는 누구지?´ 하고 자기 존재를 확인해야 한다.

자신이 지니고 있는
직위나 돈, 재능이 중요한 것이 아니라,
어떤 일을 하며 어떻게 살고 있는가에 따라
삶의 가치가 결정된다."
,오로지 인간이 되기 위해서,"사람은 태어날 때부터 불성(혹은영성)을 지니고 있다.
그러니 자기에게 주어진 그 힘(생명력)을 제대로
쓸 줄을 알아야 한다.

그 힘을 바람직한 쪽으로 잘 쓰면 얼마든지
창조하고 형성하고 향상하면서 삶의 질을
거듭거듭 높여갈 수 있다.

그러나 똑같은 생명력을 가지고도
한 생각 비뚤어져 잘못 써 버릇하면,
그것이 업력(業力)이 되어 마침내 자기 자신으로도
어떻게 할 수 없이 끝없는 구렁으로 떨어져버린다.

똑같은 생명력이라도 서로 다른 지배를 받아
한 장미나무에서 한 갈래는 향기롭고 아름다운 꽃으로
피어나고, 다른 갈래는 독이 밴 가시로 돋아난다.

도덕성이 결여되었거나 삶의 목적이 합당치 못한 일은
아무리 그럴듯한 말로 늘어놓는다 할지라도
올바른 결과를 가져올 수 없다.

사람은 하나하나의 생각과 말과 행동으로
그가 의식을 하건 안하건 둘레의 대기에 파장을 일으켜
영향을 끼치고,착하지 못한 말과 행동은
또한 착하지 못한 파장으로 어두운 영향을 끼친다.

사람은 겉으로는 강한 체 하지만
속으로 약하고 상처받기 쉬운 존재이다.
우리 자신이 그런 존재이기 때문에 또한 다른 사람의
상처를 건드려 고통을 주는 일이 적지 않다.

우리는 순간순간 내게 주어진 그 생명력을
값있게 쓰고 있는지를,아니면 부질없이 탕진하고
있는지를 되돌아볼 줄을 알아야 한다.

삶의 양을 따지려면 밤낮 없이 채우는 일에만
채우는 일에 급급하겠지만, 삶의 질을 생각한다면
비우는 일에 보다 마음을 써야 할 것이다.

깊어 가는 가을밤 풀벌레소리에 귀를 모으면서
생각의 실마리를 풀어 본 것이다.

오로지 인간이 되기 위해서."
,좋은 친구,"친구사이의 만남에는 서로의 메아리를
주고받을 수 있어야 한다
너무 자주 만나게 되면 상호간의 그 무게를 축적할
시간적인 여유가 없다
멀리 떨어져 있으면서도 마음의 그림자처럼 함께 할 수 있는
그런 사이가 좋은 친구일 것이다

만남에는 그리움이 따라야 한다
그리움이 따르지 않는 만남은 이내 시들해지기 마련이다
진정한 만남은 상호간의 눈뜸이다
영혼의 진동이 없으면 그건 만남이 아니라 한 때의
마주침이다
그런 만남을 위해서는 자기 자신을 끝없이 가꾸고
다스려야 한다

좋은 친구를 만나려면 먼저 나 자신이 좋은 친구감이
되어야 한다
왜냐하면 친구란 내 부름에 대한 응답이기 때문이다
끼리끼리 어울린다는 말도 여기에 근거를 두고 있다
이런 시구가 있다 ´사람이 하늘처럼 맑아 보일 때가 있다´

´ 그때 나는 그 사람에게서 하늘 냄새를 맡는다
사람한테서 하늘 냄새를 맡아 본 적이 있는가
스스로 하늘 냄새를 지닌 사람만이 그런 냄새를
맡을 수 있을 것이다 ´

혹시 이런 경험은 없는가
텃밭에서 이슬이 내려앉은 애 호박을 보았을 때
친구한테 따서 보내주고 싶은 그런 생각 말이다

혹은 들길이나 산길을 거닐다가 청초하게 피어있는
들꽃과 마주쳤을 때 그 아름다움의 설레임을 친구에게
전해 주고 싶은 그런 경험은 없는가
이런 마음을 지닌 사람은 멀리 떨어져 있어도
영혼의 그림자처럼 함께 할 수 있어서
좋은 친구일 것이다

좋은 친구는 인생에서 가장 큰 보배이다
친구를 통해서 삶의 바탕을 가꾸라..."
,나의 생각이 나의 운명이다,"현대인의 불행은
모자람이 아니라 오히려 넘침에 있다.

모자람이 채워지면 고마움과 만족함을 알지만
넘침에는 고마움과 만족이 따르지 않는다.

우리가 불행한 것은 가진 것이 적어서가 아니라
따뜻한 가슴을 잃어 가기 때문이다.
따뜻한 가슴을 잃지 않으려면 이웃을 사랑해야 한다.
뿐만 아니라 동물이나 식물 등 살아 있는 생물과도
교감할 줄 알아야 한다.

자기 스스로 행복하다고 생각하는 사람은 행복하다.
마찬가지로 자기 스스로
불행하다고 생각하는 사람은 불행하다.
그러므로 행복과 불행은 주어진 것이 아니라
내 스스로 만들고 찾는 것이다.

행복은 이웃과 함께 누려야 하고
불행은 딛고 일어서야 한다.
우리는 마땅히 행복해야 한다.

자신의 생각이 곧 자신의 운명임을 기억하라.
우주의 법칙은 자력과 같아서 어두운 마음을
지니고 있으면 어두운 기운이 몰려온다.

그러나 밝은 마음을 지니고 긍정적이고
낙관적으로 살면 밝은 기운이 밀려와
우리의 삶을 밝게 비춘다.
밝은 삶과 어두운 삶은 자신의 마음이
밝은가 어두운가에 달려 있다.
그것이 우주의 법칙이다.

사람은 저마다 홀로 자기 세계를 가꾸면서
공유하는 만남이 있어야 한다.
어느 시인의 표현처럼 ´한 가락에 떨면서도
따로따로 떨어져 있는 거문고 줄처럼´
그런 거리를 유지해야 한다.

거문고 줄은 서로 떨어져 있기 때문에 울리는 것이지
함께 붙어 있으면 소리를 낼 수 없다.
공유하는 영역이 너무 넓으면 다시 범 속에 떨어진다.

어떤 사람이 불안과 슬픔에 빠져 있다면
그는 이미 지나가 버린 과거의 시간에
아직도 매달려 있는 것이다.

또 누가 미래를 두려워하며 잠 못 이룬다면
그는 아직 오지도 않을 시간을
가불해서 쓰고 있는 것이다.

빗방울이 연잎에 고이면 연잎은 한동안 물방울의
유동으로 일렁이다가 어느 만큼 고이면
수정처럼 투명한 물을 미련 없이 쏟아 버린다.
그 물이 아래 연잎에 떨어지면 거기에서 또
일렁이다가 도르르 연못으로 비워 버린다.

이런 광경을 무심히 지켜보면서,
´연잎은 자신이 감당할 만한 무게만을 싣고 있다가
그 이상이 되면 비워 버리는구나´ 하고
그 지혜에 감탄했었다.
그렇지 않고 욕심대로 받아들이면 마침내 잎이
찢기거나 줄기가 꺾이고 말 것이다.
세상사는 이치도 이와 마찬가지다.

오늘날 인간의 말이 소음으로 전락한 것은
침묵을 배경으로 하지 않기 때문이다.
말이 소음과 다름없이 다루어지고 있기 때문이다.

우리들은 말을 안 해서 후회되는 일보다도
말을 해 버렸기 때문에
후회되는 일이 얼마나 많은가.

입에 말이 적으면 어리석음이 지혜로 바뀐다.
말하고 싶은 충동을 참을 수 있어야 한다.
생각을 전부 말해 버리면 말의 의미가
말의 무게가 여물지 않는다.

말의 무게가 없는 언어는
상대방에게 메아리가 없다.
말의 의미가 안에서 여물도록
침묵의 여과기에서 걸러 받을 수 있어야 한다."
,부자가 되기 보다는 잘 사는 사람이 되길,"세월은 가는 것도,
오는 것도 아니며 시간 속에 사는 우리가
가고 오고 변하는 것일 뿐이다.

세월이 덧없는 것이 아니고,
우리가 예측할 수 없는
삶을 살기 때문에 덧없는 것이다.

해가 바뀌면 어린 사람은 한 살 더해지지만
나이든 사람은 한 살 줄어든다.

되찾을 수 없는게 세월이니
시시한 일에 시간을 낭비하지말고
순간순간을 후회 없이 잘 살아야 한다.

인간의 탐욕에는 끝이 없어
아무리 많이 가져도 만족할 줄 모른다.
가진것 만큼 행복한 것이 아니며,
행복은 마음에서 우러나오는 것이다.

가난은 결코 미덕이 아니며
´맑은가난´을 내세우는것은
탐욕을 멀리하기 위해서다.

가진 것이 적든 많든
덕을 닦으면서 사는 것이 중요하다.
가능하다면 잘살아야 한다.

돈은 혼자 오지 않고
어두운 그림자를 데려오니
재산은 인연으로 맡은 것이니
내 것도 아니므로 고루 나눠 가져야 한다.

우리 모두 부자가 되기보다는
잘 사는 사람이 되어야 할 것이다."
,하나의 씨앗이,"당신의 마음에 어떤 믿음이 움터 나면
그것을 가슴속 깊은 곳에
은밀히 간직해 두고 하나의 씨앗이 되게 하라.

그 씨앗이 당신 마음의 토양에서 싹트게 하여
마침내 커다란 나무로 자라도록 기도하라.
묵묵히 기도하라.
사람은 누구나 신령스런 영혼을 지니고 있다.

우리가 거칠고 험난한 세상에서 살지라도
맑고 환한 그 영성에 귀 기울일 줄 안다면
그릇 된 길에 헛눈 팔지 않을 것이다.

아무리 소중하고 귀한 것일지라도
입 벌려 쏟아 버리고 나면
빈 들녘처럼 허해질 뿐이다.

어떤 생각을 가슴속 깊은 곳에 은밀히
간직해 두면 그것이 씨앗이 되어 싹이 트고
잎이 펼쳐지다가 마침내는 꽃이 피고
열매를 맺게 될 것이다.

열매를 맺지 못하는 씨앗은 쭉정이로 그칠 뿐,
하나의 씨앗이 열매를 이룰 때
그 씨앗은 세월을 뛰어넘어 새로운
씨앗으로 거듭난다."
,내 자신이 부끄러울 때,"내 자신이 몹시 초라하고
부끄럽게 느껴질 때가 있다.
내가 가진 것보다 더 많은 것을 갖고 있는
사람 앞에 섰을 때는 결코 아니다.
나보다 훨씬 적게 가졌어도
그 단순과 간소함 속에서
삶의 기쁨과 순수성을 잃지 않는
사람 앞에 섰을 때이다.
그때 내 자신이 몹시 초라하고
가난하게 되돌아 보인다.

내가 가진 것보다 더 많은 것을 갖고 있는
사람 앞에 섰을 때 나는 기가 죽지 않는다.
내가기가 죽을 때는 내 자신이 가난함을
느낄 때는 나보다 훨씬 적게 갖고 있으면서도
그 단순과 간소함 속에서 여전히 당당함을
잃지 않는 그런 사람을 만났을 때이다."
,빈 마음,"등잔에 기름을 가득 채웠더니
심지를 줄여도
자꾸만 불꽃이 올라와 펄럭거린다.

가득 찬 것은
덜 찬 것만 못하다는
교훈을 눈앞에서 배우고 있다.

빈 마음,
그것을 무심(無心)이라고 한다.

빈 마음이 곧
우리들의 본마음이다.

무엇인가 채워져 있으면 본마음이 아니다.
텅 비우고 있어야 거기 울림이 있다.

울림이 있어야
삶이 신선하고 활기차다."
,내가 가진 것,"˝나는 가난한 탁발승이요.
내가 가진 거라고는 물레와 교도소에서 쓰던
밥그릇과 염소젖 한 깡통, 허름한 담요 여섯 장, 수건
그리고 대단치도 않은 평판, 이것뿐이오.＂
마하트마 간디가 1931년 9월 런던에서 열린
제2차 원탁회의에 참석하기 위해 가던 도중
마르세유 세관원에게 소지품을 펼쳐 보이면서 한 말이다.
K. 크리팔라니가 엮은 <간디 어록>을 읽다가
이 구절을 보고 나는 몹시 부끄러웠다.
내가 가진 것이 너무 많다고 생각되기 때문이다.
적어도 지금의 내 분수로는 그렇다.
사실, 이 세상에 처음 태어날 때
나는 아무것도 갖고 오지 않았었다.
살만큼 살다가 이 지상의 적(籍)에서
사라져 갈 때도 빈손으로 갈 것이다.
그런데 살다 보니 이것저것 내 몫이 생기게 되었다.
물론 일상에 소용되는 물건이라고 할 수도 있다.
그러나 없어서는 안 될 정도로 꼭 요긴한 것들만 일까?
살펴볼수록 없어도 좋을 만한 것들이 적지 않다"
,버리고 떠나기,"살아있는 영혼끼리
시간과 공간을 함께 함으로써
서로가 생명의 환희를 누리는 일을
만남이라고 한다면,
생명의 환희가 따르지 않는 접촉은
마주침이지 만남이 될 수 없다.

우리가 진정으로 만나야 할 사람은
그리운 사람이다
한시인의 표현처럼
그대가 곁에 있어도 그대가 그립다´는 그런 사람이다.

곁에 있으나 떨어져 있으나
그리움의 물결이 출렁거리는
그런 사람과는 때때로 만나야 한다

그리워하면서도 만날 수 없으면 삶에 그늘이 진다
그리움이 따르지 않는 만남은 지극히 사무적인
마주침이거나 일상적인 스치고 지나감이다

마주침과 스치고 지나감에는 영혼의 메아리가 없다
영혼의 메아리가 없으면 만나도 만난 것이 아니다."
,너그러운 마음으로,"하찮은 것을 최상의 것으로
만들기가 어렵습니다.

생각을 먼저하고 행동을
나중에 하는 것은 어렵습니다.

언제나 마음을
진정시키는 것이 어렵습니다.

오늘 하루 동안만 친절하고
즐겁고 동정적이고 관심을 가져주고
이해하는 삶을 살도록 하세요.

최선을 다하는 겁니다.
무슨 일을 잘하지 못한다고

사람들을 나무라지 마세요.
어리석은 일을 저지른 사람이 있다면
용서하고 금방 잊어버리는 겁니다.
그래봐야 오늘 하루뿐인걸요.

누가 알아요.
그러다가 아주 좋은 날이 될지

가급적 약속을 하지 말되, 일단 약속을
했다면 성실하게 지키세요.
어떤 희생을 치르더라도 말이죠.

당신을 만나는 모든 사람들이
당신이 그들을 아주 중요하게
생각하는 것으로 믿게 하세요.

즐거워하세요.
당신이 하찮은 일로 아파하고
실망함으로써 주변에 있는 사람들이
우울해지지 않도록 하세요.

이 세상에 마음의 짐을 지고 있지 않은
사람은 한 명도 없다는 사실을
잊지 마세요.

다른 사람의 기분을 존중하세요.
최선을 다하고 그저
기다리기만 하면 됩니다.
그렇게 얻어지는 성공이
더욱 달콤한 법이죠.

지금 보다 행복한 순간은 없습니다.
우리에게 가장 쓸모없는 날은
웃지 않는 날입니다.

믿음의 양에 따라 그만큼 젊어지고,
의심의 양에 따라 그만큼 늙어 갑니다.
자신감의 양에 따라 그만큼 젊어지고,
두려움의 양에 따라 그만큼 늙어갑니다.

희망의 양에 따라 그만큼 젊어지고
낙망의 양에 따라 그만큼 늙어 갑니다.
항상 새롭게 항상 즐겁게
삶에 최선을 다하며 살아가는
우리들이 되었으면 합니다."
,행복의 비결,"세상과 타협하는 일보다 더 경계해야 할 일은
자기 자신과 타협하는 일이다.
스스로 자신의 매서운 스승 노릇을 해야 한다.

우리가 일단 어딘가에 집착해
그것이 전부인 것처럼 안주하면
그 웅덩이에 갇히고 만다.
그러면 마치 고여 있는 물처럼
썩기 마련이다.

버리고 떠난다는 것은
곧 자기답게 사는 것이다.
자기답게 거듭거듭 시작하며 사는 일이다.
낡은 탈로부터, 낡은 울타리로부터
낡은 생각으로부터 벗어나야
새롭게 시작할 수 있다.

아무리 가난해도
마음이 있는 한 나눌 것은 있다.
근원적인 마음을 나눌 때
물질적인 것은
자연히 그림자처럼 따라온다.

그렇게 함으로써
내 자신이 더 풍요로워질 수 있다.
세속적인 계산법으로는 나눠 가질수록
내 잔고가 줄어들 것 같지만
출세간적인 입장에서는
나눌수록 다 풍요로워진다.

물질적인 풍요 속에서는
사람이 타락하기 쉽다.
그러나 맑은 가난은 우리에게
마음의 평안을 가져다주고
올바른 정신을 지니게 한다.

행복의 비결은 필요한 것을
얼마나 갖고 있는가가 아니라
불필요한 것에서 얼마나
자유로워져 있는가에 있다.
˝위에 견주면 모자라고
아래에 견주면 남는다˝는 말이 있듯
행복을 찾아 오묘한 방법은 내 안에 있다.

하나가 필요할 때는
하나만 가져야지 둘을 갖게 되면
애초의 그 하나마져도 잃게 된다.
그리고 인간을 제한하는 소유물에 사로잡히면
소유물의 비좁은 골방에 갇혀
정신의 문이 열리지 않는다.
작은 것과 적은 것에 만족할 줄 알아야 한다.
그것이 청빈의 덕이다.

우주의 기운은 자력과 같아서,
우리가 일단 어두운 마음을 지니고 있으면
어두운 기운이 몰려온다고 한다.
그러나 밝은 마음을 지니고
긍정적이고 낙관적으로 살면
밝은 기운이 밀려와
우리의 삶을 밝게 비춘다."
,삶,"삶을 마치 소유물처럼 생각하기 때문에
우리는 그 소멸을 두려워한다.
삶은 소유물이 아니라 순간 순간의 있음이다.

영원한 것이 이 세상에 어디 있는가. 모두가 한때일 뿐,
그러나 그 한때를 최선을 다해 최대한으로 살 수 있어야 한다.

삶은 놀라운 신비요, 아름다움이다.
내일을 걱정하고 불안해하는 것은
이미 오늘을 제대로 살고 있지 않다는 증거다.

죽음을 두려워하고 무서워하는 것은
생에 집착하고 삶을 소유로 여기기 때문이다.

생에 대한 집착과 소유의 관념에서 놓여날 수 있다면
엄연한 우주 질서 앞에 조금도 두려워할 것이 없다."
,영원한 것은 아무 것도 없다,"이 세상에서 영원한 것은 아무 것도 없다.
어떤 어려운 일도
어떤 즐거운 일도 영원하지 않다.

모두 한 때이다.
한 생애를 통해서 어려움만 지속된다면
누가 감내하겠는가.
다 도중에 하차하고 말 것이다.

모든 것이 한때이다. 좋은 일도 그렇다.
좋은 일도 늘 지속되지는 않는다.
그러면 사람이 오만해진다.
어려운 때일수록 낙천적인 인생관을 가져야 한다.
덜 가지고도 더 많이 존재할 수 있어야 한다.

이전에는 무심히 관심 갖지 않던 인간 관계도
더욱 살뜰히 챙겨야 한다.
더 검소하고 작은 것으로써 기쁨을 느껴야 한다.

우리 인생에서 참으로 소중한 것은
어떤 사회적인 지위나 신분, 소유물이 아니다.
우리들 자신이 누구인지를 아는 일이다."
,세월과 인생,"세월은 가는 것도 오는 것도 아니며
시간 속에 사는 우리가
가고 오고 변하는 것일 뿐이다.

세월이 덧없는 것이 아니고,
우리가 예측할 수 없는
삶을 살기 때문에 덧없는 것이다.

해가 바뀌면 어린 사람은 한 살 더해지지만
나이든 사람은 한 살 줄어든다.

되찾을 수 없는게 세월이니
시시한 일에 시간을 낭비하지 말고
순간 순간을 후회 없이 잘 살아야 한다.

인간의 탐욕에는 끝이 없어
아무리 많이 가져도 만족할 줄 모른다.

행복은 마음에서 우러나오는 것이다.
가진 것 만큼 행복한 것이 아니며

가난은 결코 미덕이 아니며
´맑은 가난´을 내세우는 것은
탐욕을 멀리하기 위해서다.

가진 것이 적든 많든
덕을 닦으면서 사는 것이 중요하다.
가능하다면 잘살아야 한다.

돈은 혼자 오지 않고
어두운 그림자를 데려오니

재산은 인연으로 맡은 것이니
내 것도 아니므로 고루 나눠 가져야 한다.

우리 모두 부자가 되기보다는
잘 사는 사람이 되어야 할 것이다.

출처 : 법정 스님 글 중에서

세월은 가는 것도 오는 것도 아니고

세월은 가는 것도 오는 것도 아니며 시간 속에
사는 우리가 가고 오고 변하는 것일 뿐이다.

세월이 덧없는 것이 아니고 우리가 예측할 수 없는
삶을 살기 때문에 덧없는 것이다.

해가 바뀌면 어린 사람은 한 살 더해지지만
나이든 사람은 한 살 줄어든다.

되찾을 수 없는게 세월이니 시시한 일에 시간을
낭비하지 말고 순간순간을 후회 없이 잘 살아야 한다.

인간의 탐욕에는 끝이 없어
아무리 많이 가져도 만족할 줄 모른다.

행복은 마음에서 우러나오는 것이다.
가진 것 만큼 행복한 것이 아니며 가난은 결코
미덕이 아니며 ´맑은가난´을 내 세우는 것은
탐욕을 멀리하기 위해서다.

가진 것이 적든 많든
덕을 닦으면서 사는 것이 중요하다.
가능하다면 잘살아야 한다.

돈은 혼자 오지 않고 어두운 그림자를 데려오니
재산은 인연으로 맡은 것이니 내 것도 아니므로
고루 나눠 가져야 한다.

우리 모두 부자가 되기보다는
잘 사는 사람이 되어야 할 것이다."
,봄 나무그늘 아래,"나무 그늘 아래 앉아 산마루를 바라보고 있으면,
내 속 뜰에서는 맑은 수액이 흐르고 향기로운
꽃이 피어난다.
혼자서 묵묵히 숲을 내다보고 있을 때 내 자신도
한 그루 정정한 나무가 된다.
아무 생각 없이 빈 마음으로 자연을 대하고 있으면,
그저 넉넉하고 충만할 뿐 결코 무료하지 않다.
이런 시간에 나는 무엇 엔가 그지없이 감사 드리고
싶어진다.
하루 스물네 시간 중에서 맑고 잔잔한
이런 여백이 없다면 내 삶은 탄력을 잃고
이내 시들해지고 말 것이다.
올해도 모란은 흐드러지게 피었다.
겨울 날씨가 춥지 않아서였던지 예년보다
한 열흘 앞당겨 피어났다.
모란 밭 곁에서 같은 무렵에 피어난 노오란
유채꽃이 모란의 자주색과 잘 어울렸다.
꽃의 빛깔과 모양이 같아서 유채 꽃이라 했지만
사실은 갓꽃이다.
지난해 겨울 김장을 하고 남겨둔 갓인데
봄이 되니 화사한 꽃을 피운 것이다.
철새로는 찌르레기가 맨 먼저 찾아왔다.
달력을 보니 4월9일, 쇳소리의 그 목청으로
온 골짝을 울리는 소리에 귀가 번쩍 뜨였다.
아주 반가웠다.
모란이 피기 시작한 날 밤에 소쩍새도 함께
목청을 열었다.
4월 16일로 적혀 있다.
잇따라 쏙독새, 일명 머슴새도 왔다.
머지않아 꾀꼬리와 뻐꾸기도 찾아올 것이다.
이렇게 철새들이 찾아와 첫인사를 전해올 때,
해마다 겪는 일이지만 내 마음은 설렌다.
새의 노래는 (울음이 아니다) 잠든
우리 혼을 불러일으켜 준다.
굳어지려는 가슴에 물기를 보태 준다."
,따뜻한 가슴으로,"함께 어울려 살아가는 세상이라,
멀리 떨어져 있다고 해서 그대로 놓아두지 않는다.
공간적으로는 얼마쯤의 거리를 두고 산다 할지라도
시간적으로는 이 시대를 함께 살아가지 않을 수 없는
그런 인연의 줄에 우리는 서로 이어져 있다.
우리가 세상에 있다는 것은 함께 있음을 뜻하기 때문이다.
요즘 내 오두막 둘레에는 모란이 한창이다.
산 아래에서는 영랑(永朗)의 표현대로,
5월 어느 날 그 하루 무덥던 날 떨어져 누운
꽃잎마저 시들어버리고는
천지에 모란은 자취도 없이 사라지고 말았는데,
해발 8백고지나 되는 이곳은 6월에 들어서야 모란이 문을 연다."
,변화 갈망하는 사회,"며칠 전 비바람에 꺾인 한 가지를 주워다가
남색 유리병에 꽂아 식탁 위에 놓아두었더니
그 빛깔의 조화가 볼 만하다.
자줏빛 꽃잎과 그 안에 보석처럼 돋아난 노란 꽃술,
초록빛 잎사귀에 남색 유리병이
한데 어울려 찬란한 빛깔의 조화를 이루고 있다.
식탁의 차림새는 지극히 간소하지만 한가지 꽃으로 인해
어떤 제왕의 수라상보다도 호사스럽게 여겨진다.
우리처럼 외떨어져 거치적거리는 것 없이
단출하게 사는 괴짜들은, 음식물만 가지고 배를 채우지 않는다.
자연이 내려준 한 송이 꽃이나 맑은 물,
따뜻하고 투명한 햇살과 산들거리는 바람결 속에 스며 있는
우주의 살아있는 기운을 평온한 마음으로 감사히 받아들이면,
그게 살이 되고 피가 되어 건강을 이룬다.
표현을 달리하자면 커다란 생명체인 자연의 질서와
조화를 작은 생명체인 내가 받아들이면서
그 질서와 조화를 함께 이루어나갈 때
안팎으로 건강을 유지할 수 있다는 소리다.
이게 어디 사람만의 건강이겠는가.
우리들이 몸담아 사는 세상의 일도 마찬가지일 것이다.
오늘날 우리 사회가 온갖 부정과 비리로 인해
끝도 없이 휘청거리고 있는 것도,
생명의 뿌리를 이루고 있는 우주적인
그 질서와 조화를 우리 스스로 깨뜨려 놓았기 때문이다.
사회나 세상은 개체적인 차원에서 보면
지극히 추상적인 개념이다.
존재하는 것은 한사람 한사람의 개인이지 사회가 아니다.
사회는 다양한 사람들로 이루어진
여러 모양의 복합체. 당신과 나 개개인이 사회를 구성하는 기초다.
그런데 추상적인 그 사회가 개인의 생활에
막대한 영향을 끼치고 있다.
사람이 세상을 만들어 가는 한편
세상이 또한 사람을 만들어가기 때문이다.
특히 올해 들어 우리들 모두가 정치권과 특정 기업의
검은 유착으로 인해 물질적으로나 정신적으로나
말할 수 없는 피해를 보고 있는 것도
바로 그와 같은 상관관계에서다.
우리가 기대했던 문민정부,
그러나 부정과 비리로 인해 「부패공화국」으로
전락되어 민주공화국의 기틀이 흔들리고 있는 요즘,
우리 모두는 하나같이 어떤 변화를 갈망하고 있다.
이런 상태로는 국가의 발전도 개인의 인간성장도
불가능하기 때문이다.
그러나 세상이 변화되려면 우리들 한사람 한사람이
먼저 달라져야 한다.
개개인의 의식이 달라지고 생활습관이나
그 자세가 달라져야 한다.
우리 둘레에 물질의 더미는 한없이 쌓여가지만,
그런 것들을 사용하면서 우리는 과연 행복한가.
지난날 우리가 어렵게 살던 시절,
연탄 몇장과 쌀 몇되를 가지고도 고마워하고
행복해하던 그런 풋풋한 마음은 어디로 갔는가.
이제 우리는 무엇을 가지고도
고마워하거나 만족할 줄을 모른다.
겉으로는 번쩍거리면서 잘 사는 것처럼 보이지만
안으로는 전에 없이 초라하고 궁핍하다.
그저 크고 많은 것만을 원하기 때문에,
사소한 것에서 오는 아름다움과
사랑스러움과 고마움을 잃어버린 것이다."
,참으로 걱정해야 할 것,"행복은 크고 많은 것에서보다는 작은 것과
적은 것에서 온다는 사실을
우리는 일상적인 체험으로 알고 있다.
향기로운 한잔의 차를 통해서도 얼마든지 행복할 수 있고,
친구와 나눈 따뜻한 말씨와 정다운 미소를 가지고도
그날 하루 마음의 양식을 삼을 수 있다.
우리가 많은 것을 차지하고 살면서도
결코 행복할 수 없는 것은 인간의 따뜻하고
살뜰한 정을 잃어가고 있기 때문이다.
요즘 입만 벌렸다 하면 누구나 불황을 말하고
경제를 걱정한다.
그러나 우리가 참으로 걱정해야 할 것은 인간존재 그 자체다.
사람이 사람의 자리를 지키지 못하면 인간이 될 수 없다.
행복해질 수 있는 소재는 여기저기에 무수히 널려 있지만,
그것을 받아들일 가슴을 우리는 잃어가고 있다.
삶의 가치를 어디에 두고 살아야 할 것인지
거듭거듭 물어야 한다.
해답은 그 물음 속에 들어있다.
따뜻한 가슴으로 우리시대의 얼룩을 지워나갔으면 좋겠다."
,자기 자신답게 살라,"어떤 사람이 불안과 슬픔에 빠져 있다면
그는 이미 지나가 버린 과거의 시간에
아직도 매달려 있는 것이다.

또 누가 미래를 두려워하면서 잠 못 이룬다면
그는 아직 오지도 않은 시간을
가불해서 쓰고 있는 것이다.

과거나 미래 쪽에 한눈을 팔면
현재의 삶이 소멸해 버린다.
보다 직설적으로 표현하면
과거도 없고 미래도 없다.
항상 현재일 뿐이다.

지금 이 자리에서 최선을 다해
최대한으로 살 수 있다면
여기에는 삶과 죽음의 두려움도
발붙일 수 없다.

저마다 서 있는 자리에서 자기 자신답게 살라."
,마음의 주인이 되라,"바닷가의 조약돌을 그토록 둥글고
예쁘게 만드는 것은 무쇠로 된 정이 아니라
부드럽게 쓰다듬는 물결이다.

무엇인가를 갖는다는 것은
다른 한편 무엇인가에 얽매인다는 뜻이다.

크게 버리는 사람만이 크게 얻을 수 있다는
말이 있다.
아무것도 갖지 않을 때 비로소 온 세상을
갖게 된다는 것은 무소유의 또 다른 의미이다.

용서란 타인에게 베푸는 자비심이라기보다
흐트러지려는 나를 나 자신이 거두어들이는
일이 아닐까 싶다.

우리들이 화를 내고 속상해 하는 것도
따지고 보면 외부의 자극에서라기보다
마음을 걷잡을 수 없는 데에 그 까닭이
있을 것이다.

정말 우리 마음이란 미묘하기 짝이 없다.
너그러울 때는 온 세상을 다 받아들이다가
한 번 옹졸해지면 바늘 하나 꽂을
여유조차 없다.

그러한 마음을 돌이키기란 결코
쉬운 일이 아니다.
그래서 마음에 따르지 말고 마음의 주인이
되라고 옛 사람들은 말한 것이다"
,처음 그 마음처럼,"우리가 무언가에 싫증을 낸다는 것은
만족을 못하기 때문인 것 같습니다.

처음 가졌던
나름대로 소중한 느낌들을
쉽게 잊어가기 때문이죠...

내가 왜 이 물건을 사게 됐던가?
내가 왜 이 사람을 만나게 됐던가?
내가 왜 그런 다짐을 했던가?

하나 둘 곱씹어 생각하다 보면
그 처음의 좋은 느낌들을
어렵지 않게 찾을 수 있습니다.

생각은 변화합니다.
늘 같을 순 없죠.

악기와도 같아요.
그 변화의 현 위에서 각자의 상념을 연주할지라도
현을 이루는 악기자체에 소홀하면
좋은 음악을 연주할 수 없습니다.

우리는..
늘 변화를 꿈꾸지만
사소한 무관심, 나만 생각하는 이기주의에
이따금 불협화음을 연주하게 되지요.

현인들은 말합니다.
˝가장 소중한 것은 언제나
우리가 알지 못하는 사이에 가까이 있다˝

그런 것 같아요.
행복은
결코 누군가에 의해
얻어지는 것은 아닌 것 같아요.

지금
눈을 새롭게 뜨고 주위를 바라보세요.

늘 사용하는 구형 휴대폰,
어느새 손에 익은 볼펜 한 자루,
잠들어 있는 가족들
그리고 나를 기억하는 친구들,
사랑했던 사람, 지금 사랑하는 사람.

먼저
소중한 느낌을 가지려 해 보세요.

먼저 그 마음을 되살리고
주위를 돌아보세요.

당신은 소중한데
그들은 그렇지 않다고
속상해 하지 마세요.

우리가 소중하게 떠올렸던 그 마음.
그들로 인해 잠시나마 가졌던 그 마음.
볼펜을 종이에 긁적이며 고르던 그 마음.
처음 휴대폰을 들구 만지작거리던 그 마음.

그 마음을 가졌었던 때를 떠올리며
엷은 미소를 짓는 자신을 찾을 줄 아는
멋진 우리의 모습을
스스로 선물해요.

잊지 못할 추억들을
만들어 준 사람들에게 감사해요.

가까운 사람들에게, 사랑하는 사람에게
따뜻한 말 한마디를 먼저 선물해요.

오늘 옷
참 잘 어울려요

먼저 웃으며 인사해요.
안녕
너 참 예뻐 라고"
,가을 이야기,"조금 차분해진 마음으로 오던 길을 되돌아볼 때,
푸른 하늘 아래서
시름시름 앓고 있는 나무들을 바라볼 때,

산다는 게 뭘까 하고 문득 혼자서 중얼거릴 때,
나는 새삼스레 착해지려고 한다.
나뭇잎처럼 우리들의 마음도 엷은 우수에 물들어간다.

가을은 그런 계절인 모양이다.

그래서 집으로 돌아가는 버스 안의 대중가요에도,
속이 빤히 들여다보이는
그런 가사 하나에도 곧잘 귀를 모은다.

지금은 어느 하늘 아래서 무슨 일을 하고 있을까,
멀리 떠나 있는 사람의 안부가 궁금해진다.

깊은 밤 등하에서 주소록을 펼쳐 들
친구들의 눈매를,그 음성을 기억해낸다.

가을은 그런 계절인 모양이다.

한낮에는 아무리 의젓하고 뻣뻣한 사람이라 할지라도
해가 기운 다음에는 가랑잎 구르는 소리 하나에,

귀뚜라미 우는 소리 하나에도 마음을 여는
연약한 존재임을 새삼스레 알아차린다.

이 시대 이 공기 속에서 보이지 않는 연줄로 맺어져
서로가 믿고 기대면서 살아가는 인간임을 알게 된다.

낮 동안은 바다 위의 섬처럼
저마다 따로따로 떨어져 있던 우리가 귀소의 시각에는
같은 대지에 뿌리박힌 존재임을 비로소 알아차린다.

상공에서 지상을 내려다볼 때
우리들의 현실은 지나간 과거처럼 보인다.

이삭이 여문 논밭은 황홀한 모자이크.
젖줄같은 강물이 유연한 가락처럼 굽이굽이 흐른다.

구름이 헐벗은 산자락을 안쓰러운 듯 쓰다듬고 있다.
시골마다 도시마다 크고 작은 길로 이어져 있다.

아득한 태고적 우리 조상들이 첫걸음을 내디디던 바로
그 길을 후손들이 휘적휘적 걸어간다.

그 길을 거쳐 낯선 고장의 소식을 알아오고,
그 길목에서 이웃 마을 처녀와 총각은 눈이 맞는다.

꽃을 한아름 안고
정다운 벗을 찾아가는 것도 그 길이다.
길은 이렇듯 사람과 사람을 맺어준 탯줄이다.

그 길이 물고 뜯는 싸움의 길이라고는 생각할 수 없다.
사람끼리 흘기고 미워하는
증오의 길이라고도 생각할 수 없다.

뜻이 나와 같지 않대서 짐승처럼 주리를 트는
그런 길이라고는 차마 상상할 수가 없는 것이다.

우리는 미워하고 싸우기 위해 마주친 원수가 아니라,
서로 의지해 사랑하려고 아득한 옛적부터
찾아서 만난 이웃들인 것이다.

사람이 산다는 게 뭘까?
잡힐 듯 하면서도 막막한 물음이다.

우리가 알 수 있는 일은,
태어난 것은 언젠가 한 번은 죽지 않을 수 없다는 사실.
생자필멸, 회자정리, 그런 것인 줄은 뻔히 알면서도
노상 아쉽고 서운하게 들리는 말이다.

내 차례는 언제 어디서일까 하고 생각하면
순간순간을 아무렇게나 허투루 살고 싶지 않다.

만나는 사람마다 따뜻한 눈길을 보내주고 싶다.
한 사람 한 사람 그 얼굴을 익혀두고 싶다.

이 다음 세상 어느 길목에선가 우연히 서로 마주칠 때,
오 아무개 아닌가 하고
정답게 손을 마주 잡을 수 있도록
지금 이 자리에서 익혀두고 싶다.

이 가을에 나는 모든 이웃들을 사랑해주고 싶다.
단 한 사람이라도 서운하게 해서는 안될 것 같다.
가을은 정말 이상한 계절이다."
,가을은 그런 계절인 모양이다,"조금 차분해진 마음으로
오던 길을 되돌아볼 때
푸른 하늘 아래서
시름시름 앓고 있는 나무들을 바라볼 때
산다는 게 뭘까 하고
문득 혼자서 중얼거릴 때
나는 새삼스레 착해지려고 한다
나뭇잎처럼 우리들의 마음도
엷은 우수에 물들어간다.

가을은 그런 계절인 모양이다.

그래서 집으로 돌아가는
버스 안의 대중가요에도
속이 빤히 들여다보이는
그런 가사 하나에도 곧잘 귀를 모은다
지금은 어느 하늘 아래서
무슨 일을 하고 있을까.

멀리 떠나 있는 사람의
안부가 궁금해진다
깊은 밤 등하에서 주소록을 펼쳐 들
친구들의 눈매를,
그 음성을 기억해낸다.

가을은 그런 계절인 모양이다.

한낮에는 아무리 의젓하고
뻣뻣한 사람이라 할지라도
해가 기운 다음에는
가랑잎 구르는 소리 하나에
귀뚜라미 우는 소리 하나에도
마음을 여는 연약한 존재임을
새삼스레 알아차린다.

만나는 사람마다
따뜻한 눈길을 보내주고 싶다
한 사람 한 사람
그 얼굴을 익혀두고 싶다.

이 다음 세상 어느 길목에선가
우연히 서로 마주칠 때
오~ 아무개 아닌가 하고
정답게 손을 마주 잡을 수 있도록
지금 이 자리에서 익혀두고 싶다.

이 가을에 나는
모든 이웃들을 사랑해주고 싶다
단 한 사람이라도
서운하게 해서는 안될 것 같다

가을은 정말 이상한 계절이다."
,안으로 충만해지는 일,"안으로 충만해지는 일은
밖으로 부자가 되는 일에 못지않게
인생의 중요한 몫이다.
인간은 안으로 충만해질 수 있어야 한다.

아무 잡념 없이 기도를 올릴 때
자연히 마음이 넉넉해지는 것을 느낀다.
그때는 삶의 고민 같은 것이 끼여들지 않는다.
마음이 넉넉하고 충만하기 때문이다.

겉으로는 번쩍거리고 잘사는 것 같아도
정신적으로는 초라하고 궁핍하다.
크고 많은 것만을 원하기 때문에
작은 것과 적은 것에서 오는
아름다움과 살뜰함과 고마움을 잃어버렸다.

행복의 조건은 무엇인가.
아름다움과 살뜰함과 고마움에 있다.
나는 향기로운 차 한 잔을 통해
행복을 느낄 때가 있다.
내 삶의 고마움을 느낄 때가 있다.

산길을 가다가 무심히 피어 있는
한 송이 제비꽃 앞에서도
얼마든지 나는 행복할 수 있다.
그 꽃을 통해
하루의 일용할 양식을 얻을 수 있다.

또 다정한 친구로부터 들려오는 목소리
전화 한 통을 통해서도 나는 행복해진다.
행복은 이처럼 일상적이고 사소한 데 있는 것이지
크고 많은 데 있지 않다.
마음이 충만한 사람은 행복하다.
하늘나라가 그들의 것이다.

남보다 적게 갖고 있으면서도
그 단순함 속에서 아무 부족함 없이
소박한 기쁨을 잃지 않는 사람이야말로
충만의 화신이다.
또 진정으로 삶을 살 줄 아는 사람이다.

그 어떤 어려운 상황에서도
생의 소박한 기쁨을 잃지 않는 것
그것이 바로 삶을 살 줄 아는 것이다.
그것은 모자람이 아니고 가득 참이다."
,세상에서 가장 좋은 벗은,"세상에서 가장 좋은 벗은
나 자신이며 가장 나쁜 벗도 나 자신이다.

나를 구할 수 있는 가장 큰 힘도 나 자신 속에
있으며 나를 해치는 가장 무서운 칼도
나 자신 속에 있는 것이다.

이 두 가지 자신 중 어느 것을 쫓느냐에 따라
우리의 운명은 결정된다.

나 자신만의 인간 가치를 결정짓는 것은
내가 얼마나 높은 사회적 지위나 명예 또는 얼마나
많은 재산을 갖고 있는가가 아니라
나 자신의 영혼과 얼마나 일치되어 있는 가이다."
,여백의 아름다움,"전통적인 우리네 옛 서화에서는 흔히
˝여백의 미˝를 들고 있다.
이 여백의 미는
비록 서화에서만이 아니라
사람과 사람끼리 어울리는 인간관계에도
해당될 것이다.
무엇이든지 넘치도록 가득가득 채워야만
직성이 풀리는 사람들에게는
이런 여백의 미가 성에 차지 않을 것이다.

그러나 한 걸음 물러나 두루 헤아려 보라.
좀 모자라고 아쉬운 이런 여백이 있기 때문에
우리 삶에 숨통이 트일 수 있지 않겠는가.

친구를 만나더라도 종일 치대고 나면,
만남의 신선한 기분은
어디론지 새어나가고
서로에게 피곤과 시들함만 남게 될 것이다.

전화를 붙들고 있는 시간이 길면 길수록
우정의 밀도가 소멸된다는
사실도 기억해 두어야 한다.

바쁜 상대방을 붙들고 미주알 고주알
아까운 시간과 기운을 부질없이
탕진하고 있다면,
그것은 이웃에게 피해를 입히게 되고
자신의 삶을 무가치하게 낭비하고 있는 것이다.

바람직한 인간관계에는
그립고 아쉬움이 받쳐 주어야 한다.
덜 채워진 그 여백으로 인해 보다 살뜰해질 수 있고,
그 관계는 항상 생동감이 감돌아
오랜 세월을 두고 지속될 수 있다."
,우리가 사람답게 산다는 것은,"오늘은 어제의 연속이 아닌 새날이다.
겉으로 보면 같은 달력에 박힌 비슷비슷한 날처럼 보이지만
어제는 이미 가버린 과거다.
우리가 산다는 것은 무엇인가?
지금 바로 이 자리에서 이렇게 살아 있음이다.
어제나 내일이 있는 것이 아니라
오늘 지금 이 자리에 있음이다.
우리가 사람답게 산다는 것은
순간마다 새롭게 태어남을 뜻한다.
이 새로운 탄생의 과정이 멎을 때
나태와 노쇠와 질병과 죽음이 찾아온다.
새로운 탄생을 이루려면 무엇보다 먼저
어제까지의 관념에서 벗어나야 한다.
기존에 관념에 갇히면 창조력을 잃고
일상적인 생활습관에 타성적으로 떼밀려가게 된다.
우리가 살아온 그 많은 날들이 빛을 발하지 못한 채,
있어도 그만인 그저 그런 날로 사라지고 만 것도
이 기존의 관념에 갇혀서 맹목적으로 살아왔기 때문이다.
우리가 어떻게 살 것인가를 알아차릴 때
죽음은 결코 낯설지 않다.
우리는 죽음 없이는 살 수 없다.
오늘이 어제의 연속이 아니라
새날이요 새 아침이 까닭이 바로 여기에 있다."
,번뇌,"보고 싶은 만큼 나도 그러하다네
하지만 두 눈으로 보는 것만이 다는 아니라네
마음으로 보고 영혼으로 감응하는 것으로도
우리는 함께일 수 있다네

결국 있다는 것은 현실의 내 곁에 존재하지는 않지만
우리는 이미 한 하늘 아래 저 달빛을 마주보며
함께 호흡을 하며 살고 있다네
마음 안에서는 늘 항상 함께라네
그리하여 이 밤에도 나는 한사람에게 글을 띄우네

그리움을 마주보며 함께 꿈꾸고 있기 때문이라네
두 눈으로 보고 싶다고 욕심을 가지지 마세
내 작은 소유욕으로 상대방이 힘들지 않게
그의 마음을 보살펴 주세

한 사람이 아닌 이 세상을
이 우주를 끌어안을 수 있는 넉넉함과
큰 믿음을 가지세
타인에게서 이 세상과 아름다운 우주를 얻으려 마세

내 안의 두 눈과 마음 문을 활짝 열고
내 안의 시간과 공간이 존재하는 내 우주를 들여다보세
그것이 두 눈에 보이는 저 하늘과 같다는 것을
이 우주와 같다는 것을 깨닫게 될 걸세

그 안에 내 사랑하는 타인도 이미 존재하고 있음이
더 이상 가슴 아파할 것 없다네
내 안에 그가 살고 있음이
내 우주와 그의 우주가 이미 하나이니
타인은 더 이상 타인이 아니라네

주어도 아낌이 없이 내게 주듯이
보답을 바라지 않는 선한 마음으로
어차피 어차피… 사랑하는 것조차,
그리워하고 기다리고 애태우고
타인에게 건네는 정성까지도
내가 좋아서 하는 일 아니던가

결국 내 의지에서 나를 위해 하는 것이 아니던가
가지려하면 더더욱 가질 수 없고
내 안에서 찾으려 노력하면 갖게 되는 것을
마음에 새겨 놓게나
그대에게 관심이 없다 해도
내 사랑에 아무런 답변이 없다 해도
내 얼굴을 바라보기도 싫다 해도
그러다가 나를 잊었다 해도
차라리 나를 잊은 내 안의 나를 그리워하세."
,언제나 너그러운 마음으로,"하찮은 것을 최상의 것으로 만들기가 어렵습니다.
생각을 먼저하고 행동을 나중에
하는 것은 어렵습니다.
언제나 마음을 진정시키는 것이 어렵습니다.
오늘 하루 동안만 친절하고 즐겁고
동정적이고 관심을 가져주고
이해하는 삶을 살도록 하세요.

최선을 다하는 겁니다.
무슨 일을 잘하지 못한다고 사람들을
나무라지 마세요.
어리석은 일을 저지른 사람이 있다면 용서하고
금방 잊어버리는 겁니다.
그래봐야 오늘 하루 뿐 인걸요.

누가 알아요.
그러다가 아주 좋은 날이 될지 가급적 약속을
하지 말되 일단 약속을 했다면 성실하게 지키세요.
어떤 희생을 치르더라도 말이죠.

당신을 만나는 모든 사람들이 당신이 그들을 아주
중요하게 생각하는 것으로 믿게 하세요.
즐거워하세요.
당신이 하찮은 일로 아파하고 실망함으로써
주변에 있는 사람들이 우울해지지 않도록 하세요.

이 세상에 마음의 짐을 지고 있지 않은 사람은
한 명도 없다는 사실을 잊지 마세요.
다른 사람의 기분을 존중하세요.
최선을 다하고 그저 기다리기만 하면 됩니다.
그렇게 얻어지는 성공이 더욱 달콤한 법이죠.

지금 보다 행복한 순간은 없습니다.
우리에게 가장 쓸모 없는 날은 웃지 않는 날입니다.

믿음의 양에 따라 그만큼 젊어지고
의심의 양에 따라 그만큼 늙어갑니다.
자신감의 양에 따라 그만큼 젊어지고
두려움의 양에 따라 그만큼 늙어갑니다.
희망의 양에 따라 그만큼 젊어지고
낙망의 양에 따라 그만큼 늙어갑니다.

항상 새롭게 항상 즐겁게 삶에 최선을 다하며
살아가는 우리들이 되었으면 합니다."
,바람 부는 세상에서,"지난 밤 이 산골짜기에는 거센 바람이 불어댔다.
잠을 제대로 이룰 수 없도록 바람이 휘몰아쳤다.
아침에 일어나 나가보니 여기저기 나뭇가지들이 어지럽게
흩어져 있고, 창문을 가렸던 비닐이 갈기갈기 뜯겨 나가 있었다.
그리고 아궁이에 재를 쳐내는 데 쓰는 들통도 개울가에
굴러가 있었다. 대단한 바람이었다.
내일 모레가 우수雨水인데 사나운 바람이 부는 걸 보면,
겨울이 봄한테 자리를 내주고 물러갈 날도 머지 않았나 보다.
바람은 왜 부는가. 어디서 와서 또 어디로 가는가.
기압의 변화로 인해서 일어나는 대기의 흐름인 바람은
움직임으로써 살아 있는 기능을 한다. 움직임이 없으면
그건 바람일 수 없다.

움직이는 것이 어디 바람 뿐이겠는가.
살아 있는 모든 것은 그 나름으로 움직이고 흐른다.
강물이 흐르고 바다가 출렁이는 것도 살아 있기 때문이다.
묵묵히 서 있는 나무들도 움직이면서 안으로 끊임없이
수액을 돌게 한다.
해가 뜨고 지는 거나 달이 찼다가 기우는 것도,
해와 달이 살아 있어 그런 작용을 한다.

우주의 호흡과 같은 이런 움직임과 흐름이 없다면
사람 또한 살아갈 수 없다. 이 세상에서 멈추거나 고정되어
있는 것은 아무 것도 없다. 멈춤과 고정됨은 곧 죽음을 뜻한다.
그러니 살아가고자 한다면 그 움직임과 흐름을 거부하지 말고
받아들여야 한다. 모든 것은 변화를 거치면서 살아 움직이고 있다.
하나의 극에서 다른 극으로 움직이면서 변화한다.
이런 변화와 움직임을 통해서 새롭고 신선한 삶을 이룰 수 있다.

요즘 우리 사회는 마치 벌집을 쑤셔 놓은 것처럼
시끄럽고 요란하다. 거액의 대출을 둘러싼 비리와 부정이,
우리 사회에서 처음 일어난 일처럼 야단스럽다.
정치권력과 재력이 한데 어울려 빚어 놓은 부정과 비리가
어디 한두 번이던가.
문민정부가 들어선 이래 뭔가 그전과는 좀 달라질 것을
기대했던 시민들은, 달라지기는 고사하고 갈수록 태산인
그 혼미 앞에 크게 실망하고 분노하지 않을 수 없다.
믿었던 도끼에 발을 찍히는 배신감마저 느껴야 한다.
국가기관과 정치인들에 대한 불신과 환멸 또한 새삼스러울
것도 없지만 그 정도가 이제는 극에 달한 듯싶다.

우리는 요 몇 해 사이를 두고 끊임없이 이런 비리와
부정 앞에 국민적인 긍지와 나라의 체면을 여지없이 짓밟혀 왔다.
그런데 더욱 통탄스러운 것은 이와 같은 비리와 부정 앞에 아무도
책임질 사람이 없는 기이한 현실이다. 모두가 ´그건 너, 그건 너,
바로 너 때문이야.´라고 발뺌을 하고 있다.
책임질 사람이 없는 사회에 우리가 몸담아 살아가고 있다는
것은, 얼마나 허망하고 위태로운 삶인가.

한때 경제적인 고도성장을 구가하면서 선진국 대열에
끼여들겠다고, 세계 일류국가를 이루겠다고 벼르고 장담하던
국가적인 의욕과 국민적인 희망은 1997년 2월 현재 그것이
허구임이 드러나고 말았다. 그것은 우리들 자신의 실체를
잘못 인식하고 떠들어댄 정치꾼들의 분홍빛 선전에 지나지
않은 허세였다.

이런 현실 앞에서 우리는 어떻게 처신하며 살아야 할 것인가.
스스로 묻지 않을 수 없는 상황이다.
모든 것은 되어진 것이 아니라 되어 가는 과정 속에 있다.
이미 이루어진 것이 아니라 앞으로 이루어지려는 그 과정이다.
이 말이 진실이라면 그 어떤 비극적인 상황 아래서라도
우리는 절망하거나 낙담하지 말아야 한다. 죽음에 이르는 병이
따로 있는 것이 아니라, 절망이 곧 우리를 죽음에 이르게 한다.

사업을 하는 사람이건 안 하는 사람이건
가릴 것 없이 요즘 입만 열었다 하면 모두가 하나같이
불경기와 불황을 이야기한다. 그러면서 울적하고 어두운
표정들을 짓는다.
그렇다고 해서 인간의 모든 영역이 불경기이고
불황이라고만 할 수 있을까. 경제적인 현상이 곧 인간의
전체적인 생활현상과 동일한 것일 수 있을까.

인간생활에는 경제적인 현상만이 아니라 문화적인
현상과 정신적인 현상, 이밖에도 경제 외적인 현상을 통해서
넉넉치 않았던 경제적인 현상을 무난히 극복하면서 사람답게
살 줄을 알았다.

그동안 우리가 생명을 기르고 지탱해 주는 음식물을
함부로 버리면서 흥청망청 너무 과분하게 살아 왔던 자취를
이 불경기와 불황의 시점에서 냉정하게 되돌아보아야 한다.
우리가 살아 온 날들이 우리들 분수에 알맞는 삶이었는지
아니었는지를 물어야 한다. 하루하루 우리의 살림살이가
내 자신과 이웃에게 복과 덕을 심었는지, 그 복과 덕을  

탕진하는 것이었는지 반성해 보아야 한다. "
